"","CrimeDate","CrimeTime","CrimeCode","Location","Description","Inside.Outside","Weapon","Post","District","Neighborhood","Longitude","Latitude","Location.1","Premise","Total.Incidents"
"1","09/02/2017","23:30:00","3JK","4200 AUDREY AVE","ROBBERY - RESIDENCE","I","KNIFE",913,"SOUTHERN","Brooklyn",-76.60541,39.22951,"(39.2295100000, -76.6054100000)","ROW/TOWNHO",1
"2","09/02/2017","23:00:00","7A","800 NEWINGTON AVE","AUTO THEFT","O","",133,"CENTRAL","Reservoir Hill",-76.63217,39.3136,"(39.3136000000, -76.6321700000)","STREET",1
"3","09/02/2017","22:53:00","9S","600 RADNOR AV","SHOOTING","Outside","FIREARM",524,"NORTHERN","Winston-Govans",-76.60697,39.34768,"(39.3476800000, -76.6069700000)","Street",1
"4","09/02/2017","22:50:00","4C","1800 RAMSAY ST","AGG. ASSAULT","I","OTHER",934,"SOUTHERN","Carrollton Ridge",-76.64526,39.28315,"(39.2831500000, -76.6452600000)","ROW/TOWNHO",1
"5","09/02/2017","22:31:00","4E","100 LIGHT ST","COMMON ASSAULT","O","HANDS",113,"CENTRAL","Downtown West",-76.61365,39.28756,"(39.2875600000, -76.6136500000)","STREET",1
"6","09/02/2017","22:00:00","5A","CHERRYCREST RD","BURGLARY","I","",922,"SOUTHERN","Cherry Hill",-76.62131,39.24867,"(39.2486700000, -76.6213100000)","ROW/TOWNHO",1
"7","09/02/2017","21:15:00","1F","3400 HARMONY CT","HOMICIDE","Outside","FIREARM",232,"SOUTHEASTERN","Canton",-76.56827,39.28202,"(39.2820200000, -76.5682700000)","Street",1
"8","09/02/2017","21:35:00","3B","400 W LANVALE ST","ROBBERY - STREET","O","",123,"CENTRAL","Upton",-76.62789,39.30254,"(39.3025400000, -76.6278900000)","STREET",1
"9","09/02/2017","21:00:00","4C","2300 LYNDHURST AVE","AGG. ASSAULT","O","OTHER",641,"NORTHWESTERN","Windsor Hills",-76.68365,39.3137,"(39.3137000000, -76.6836500000)","STREET",1
"10","09/02/2017","21:00:00","4E","1200 N ELLWOOD AVE","COMMON ASSAULT","I","HANDS",332,"EASTERN","Berea",-76.57419,39.30551,"(39.3055100000, -76.5741900000)","ROW/TOWNHO",1
"11","09/02/2017","21:00:00","4C","2300 LYNDHURST AVE","AGG. ASSAULT","O","OTHER",641,"NORTHWESTERN","Windsor Hills",-76.68365,39.3137,"(39.3137000000, -76.6836500000)","STREET",1
"12","09/02/2017","20:56:00","3CF","3600 EDMONDSON AVE","ROBBERY - COMMERCIAL","I","FIREARM",844,"SOUTHWESTERN","Edgewood",-76.67759,39.29402,"(39.2940200000, -76.6775900000)","RETAIL/SMA",1
"13","09/02/2017","20:55:00","6C","5100 PARK HEIGHTS AVE","LARCENY","","",614,"NORTHWESTERN","Central Park Heights",-76.67511,39.34861,"(39.3486100000, -76.6751100000)","",1
"14","09/02/2017","20:10:00","4C","3900 GWYNNS FALLS PKWY","AGG. ASSAULT","O","OTHER",641,"NORTHWESTERN","Windsor Hills",-76.68169,39.314,"(39.3140000000, -76.6816900000)","STREET",1
"15","09/02/2017","20:00:00","6D","5500 SUMMERFIELD AVE","LARCENY FROM AUTO","O","",444,"NORTHEASTERN","Frankford",-76.5427,39.33288,"(39.3328800000, -76.5427000000)","YARD",1
"16","09/02/2017","19:52:00","5D","2200 VAN DEMAN ST","BURGLARY","I","",243,"SOUTHEASTERN","Holabird Industrial Park",-76.53557,39.26533,"(39.2653300000, -76.5355700000)","OTHER - IN",1
"17","09/02/2017","18:08:00","9S","1200 E LAFAYETTE AV","SHOOTING","Outside","FIREARM",343,"EASTERN","Oliver",-76.60246,39.31038,"(39.3103800000, -76.6024600000)","Street",1
"18","09/02/2017","18:08:00","1F","1200 E LAFAYETTE AV","HOMICIDE","Outside","FIREARM",343,"EASTERN","Oliver",-76.60246,39.31038,"(39.3103800000, -76.6024600000)","Street",1
"19","09/02/2017","18:16:00","4E","1000 N EUTAW ST","COMMON ASSAULT","O","HANDS",132,"CENTRAL","Madison Park",-76.62256,39.30083,"(39.3008300000, -76.6225600000)","STREET",1
"20","09/02/2017","18:00:00","6G","100 S BROADWAY","LARCENY","I","",212,"SOUTHEASTERN","Washington Hill",-76.5939,39.2902,"(39.2902000000, -76.5939000000)","CONVENIENC",1
"21","09/02/2017","17:17:00","5A","4000 RIDGECROFT RD","BURGLARY","I","",426,"NORTHEASTERN","Waltherson",-76.55734,39.33643,"(39.3364300000, -76.5573400000)","ROW/TOWNHO",1
"22","09/02/2017","16:55:00","3CF","600 HOMESTEAD ST","ROBBERY - COMMERCIAL","I","FIREARM",513,"NORTHERN","Better Waverly",-76.60839,39.32712,"(39.3271200000, -76.6083900000)","RETAIL/SMA",1
"23","09/02/2017","16:00:00","4C","2000 N BENTALOU ST","AGG. ASSAULT","O","OTHER",731,"WESTERN","Mondawmin",-76.65422,39.31091,"(39.3109100000, -76.6542200000)","STREET",1
"24","09/02/2017","15:46:00","3B","AV & REISTERSTOWN RD","ROBBERY - STREET","O","",612,"NORTHWESTERN","Park Circle",-76.66025,39.32887,"(39.3288700000, -76.6602500000)","STREET",1
"25","09/02/2017","15:00:00","6D","PY & ECHODALE AV","LARCENY FROM AUTO","O","",415,"NORTHEASTERN","Morgan State University",-76.57584,39.35489,"(39.3548900000, -76.5758400000)","STREET",1
"26","09/02/2017","15:00:00","6J","100 W LEXINGTON ST","LARCENY","I","",111,"CENTRAL","Downtown",-76.61729,39.29164,"(39.2916400000, -76.6172900000)","OFFICE BUI",1
"27","09/02/2017","14:50:00","4E","4700 MELBOURNE RD","COMMON ASSAULT","I","HANDS",833,"SOUTHWESTERN","Beechfield",-76.69447,39.27224,"(39.2722400000, -76.6944700000)","ROW/TOWNHO",1
"28","09/02/2017","14:30:00","4E","300 LIGHT ST","COMMON ASSAULT","O","HANDS",112,"CENTRAL","Inner Harbor",-76.6134,39.28544,"(39.2854400000, -76.6134000000)","STREET",1
"29","09/02/2017","14:25:00","5B","600 S STREEPER ST","BURGLARY","I","",232,"SOUTHEASTERN","Canton",-76.57639,39.28498,"(39.2849800000, -76.5763900000)","ROW/TOWNHO",1
"30","09/02/2017","13:48:00","4C","1700 E 30TH ST","AGG. ASSAULT","I","OTHER",411,"NORTHEASTERN","Coldstream Homestead Mont",-76.59152,39.32537,"(39.3253700000, -76.5915200000)","ROW/TOWNHO",1
"31","09/02/2017","13:48:00","4D","1700 E 30TH ST","AGG. ASSAULT","I","HANDS",411,"NORTHEASTERN","Coldstream Homestead Mont",-76.59152,39.32537,"(39.3253700000, -76.5915200000)","ROW/TOWNHO",1
"32","09/02/2017","12:50:00","4C","0 W 20TH ST","AGG. ASSAULT","I","OTHER",141,"NORTHERN","Charles North",-76.61703,39.31218,"(39.3121800000, -76.6170300000)","APT/CONDO",1
"33","09/02/2017","12:20:00","6D","100 N CLINTON ST","LARCENY FROM AUTO","O","",222,"SOUTHEASTERN","Patterson Park Neighborho",-76.571,39.29365,"(39.2936500000, -76.5710000000)","STREET",1
"34","09/02/2017","12:00:00","4E","800 N LUZERNE AVE","COMMON ASSAULT","I","HANDS",323,"EASTERN","Milton-Montford",-76.58102,39.30048,"(39.3004800000, -76.5810200000)","ROW/TOWNHO",1
"35","09/02/2017","11:55:00","4E","2900 KEYWORTH AVE","COMMON ASSAULT","I","HANDS",613,"NORTHWESTERN","Towanda-Grantley",-76.66433,39.33209,"(39.3320900000, -76.6643300000)","ROW/TOWNHO",1
"36","09/02/2017","11:25:00","6D","2900 HAMILTON AVE","LARCENY FROM AUTO","O","",423,"NORTHEASTERN","Hamilton Hills",-76.5626,39.35313,"(39.3531300000, -76.5626000000)","PARKING LO",1
"37","09/02/2017","11:18:00","3K","0 BENKERT AVE","ROBBERY - RESIDENCE","I","",842,"SOUTHWESTERN","Saint Josephs",-76.67387,39.28575,"(39.2857500000, -76.6738700000)","ROW/TOWNHO",1
"38","09/02/2017","09:35:00","6J","2500 PENNSYLVANIA AVE","LARCENY","O","",733,"WESTERN","Penn North",-76.64277,39.31033,"(39.3103300000, -76.6427700000)","STREET",1
"39","09/02/2017","09:00:00","6G","2000 LINDEN AVE","LARCENY","I","",133,"CENTRAL","Reservoir Hill",-76.63251,39.31059,"(39.3105900000, -76.6325100000)","LAUNDRY/CL",1
"40","09/02/2017","09:00:00","5A","200 ATHOLGATE LN","BURGLARY","I","",823,"SOUTHWESTERN","Ten Hills",-76.69688,39.28553,"(39.2855300000, -76.6968800000)","APT/CONDO",1
"41","09/02/2017","08:30:00","3AF","600 N CARROLLTON AVE","ROBBERY - STREET","O","FIREARM",713,"WESTERN","Harlem Park",-76.63715,39.29567,"(39.2956700000, -76.6371500000)","STREET",1
"42","09/02/2017","08:20:00","6D","200 N COLLINGTON AVE","LARCENY FROM AUTO","I","",321,"EASTERN","CARE",-76.58644,39.29464,"(39.2946400000, -76.5864400000)","ROW/TOWNHO",1
"43","09/02/2017","08:09:00","6J","3600 WILKENS AVE","LARCENY","I","",832,"SOUTHWESTERN","Violetville",-76.6798,39.27101,"(39.2710100000, -76.6798000000)","CARRY OUT",1
"44","09/02/2017","08:00:00","7A","4700 HOMESDALE AVE","AUTO THEFT","I","",442,"NORTHEASTERN","Parkside",-76.55464,39.32177,"(39.3217700000, -76.5546400000)","ROW/TOWNHO",1
"45","09/02/2017","07:35:00","5A","1800 EUTAW PL","BURGLARY","I","",132,"CENTRAL","Madison Park",-76.63122,39.30788,"(39.3078800000, -76.6312200000)","APT/CONDO",1
"46","09/02/2017","07:00:00","6B","ST & E 25TH ST","LARCENY","O","",341,"NORTHERN","Barclay",-76.61137,39.31805,"(39.3180500000, -76.6113700000)","STREET",1
"47","09/02/2017","06:25:00","4B","3800 GRANTLEY RD","AGG. ASSAULT","I","KNIFE",643,"NORTHWESTERN","Ashburton",-76.67339,39.3318,"(39.3318000000, -76.6733900000)","ROW/TOWNHO",1
"48","09/02/2017","06:15:00","4E","300 FURROW ST","COMMON ASSAULT","O","HANDS",841,"SOUTHWESTERN","Carrollton Ridge",-76.65196,39.2839,"(39.2839000000, -76.6519600000)","STREET",1
"49","09/02/2017","05:54:00","3B","HEIGHTS AV & GARRISON BL","ROBBERY - STREET","O","",621,"NORTHWESTERN","Forest Park",-76.68251,39.32739,"(39.3273900000, -76.6825100000)","STREET",1
"50","09/02/2017","05:25:00","4C","3400 W NORTHERN PKWY","AGG. ASSAULT","O","OTHER",632,"NORTHWESTERN","Glen",-76.68223,39.35362,"(39.3536200000, -76.6822300000)","STREET",1
"51","09/02/2017","05:25:00","4C","3400 W NORTHERN PKWY","AGG. ASSAULT","O","OTHER",632,"NORTHWESTERN","Glen",-76.68223,39.35362,"(39.3536200000, -76.6822300000)","STREET",1
"52","09/02/2017","05:25:00","4E","3400 W NORTHERN PKWY","COMMON ASSAULT","O","HANDS",632,"NORTHWESTERN","Glen",-76.68223,39.35362,"(39.3536200000, -76.6822300000)","STREET",1
"53","09/02/2017","05:25:00","4E","3400 W NORTHERN PKWY","COMMON ASSAULT","O","HANDS",632,"NORTHWESTERN","Glen",-76.68223,39.35362,"(39.3536200000, -76.6822300000)","STREET",1
"54","09/02/2017","05:18:00","3AF","300 S FAGLEY ST","ROBBERY - STREET","I","FIREARM",231,"SOUTHEASTERN","Highlandtown",-76.56457,39.28862,"(39.2886200000, -76.5645700000)","ROW/TOWNHO",1
"55","09/02/2017","04:40:00","3AK","1500 RUSSELL ST","ROBBERY - STREET","O","KNIFE",941,"SOUTHERN","Carroll - Camden Industri",-76.62769,39.27408,"(39.2740800000, -76.6276900000)","STREET",1
"56","09/02/2017","04:00:00","5B","2500 KEYWORTH AVE","BURGLARY","I","",533,"NORTHERN","Greenspring",-76.65936,39.33463,"(39.3346300000, -76.6593600000)","ROW/TOWNHO",1
"57","09/02/2017","03:20:00","4B","AV & E NORTH AV","AGG. ASSAULT","I","KNIFE",342,"EASTERN","Barclay",-76.60946,39.31141,"(39.3114100000, -76.6094600000)","HOSP/NURS.",1
"58","09/02/2017","02:50:00","4E","CALVERT ST & E FAYETTE ST","COMMON ASSAULT","O","HANDS",111,"CENTRAL","Downtown",-76.61252,39.29049,"(39.2904900000, -76.6125200000)","STREET",1
"59","09/02/2017","02:45:00","4C","1300 S PONCA ST","AGG. ASSAULT","O","OTHER",233,"SOUTHEASTERN","Canton Industrial Area",-76.55448,39.27884,"(39.2788400000, -76.5544800000)","PARKING LO",1
"60","09/02/2017","02:00:00","6D","2100 HOLLINS ST","LARCENY FROM AUTO","O","",842,"SOUTHWESTERN","Boyd-Booth",-76.65037,39.28702,"(39.2870200000, -76.6503700000)","STREET",1
"61","09/02/2017","02:00:00","7C","1500 RUSSELL ST","AUTO THEFT","O","",941,"SOUTHERN","Carroll - Camden Industri",-76.62769,39.27408,"(39.2740800000, -76.6276900000)","STREET",1
"62","09/02/2017","02:00:00","3AO","500 S NEWKIRK ST","ROBBERY - STREET","O","OTHER",242,"SOUTHEASTERN","Greektown",-76.55658,39.28669,"(39.2866900000, -76.5565800000)","STREET",1
"63","09/02/2017","01:02:00","4E","1500 N EDEN ST","COMMON ASSAULT","I","HANDS",343,"EASTERN","Oliver",-76.59976,39.30748,"(39.3074800000, -76.5997600000)","ROW/TOWNHO",1
"64","09/02/2017","01:00:00","6G","1200 ORLEANS ST","LARCENY","I","",211,"EASTERN","Pleasant View Gardens",-76.60019,39.29489,"(39.2948900000, -76.6001900000)","RESTAURANT",1
"65","09/02/2017","01:00:00","5A","300 OLDHAM ST","BURGLARY","I","",242,"SOUTHEASTERN","Greektown",-76.55595,39.28883,"(39.2888300000, -76.5559500000)","ROW/TOWNHO",1
"66","09/02/2017","00:50:00","4E","1500 RUSSELL ST","COMMON ASSAULT","I","HANDS",941,"SOUTHERN","Carroll - Camden Industri",-76.62769,39.27408,"(39.2740800000, -76.6276900000)","OTHER - IN",1
"67","09/02/2017","00:39:00","4C","700 S BROADWAY","AGG. ASSAULT","I","OTHER",213,"SOUTHEASTERN","Fells Point",-76.59353,39.28338,"(39.2833800000, -76.5935300000)","BAR",1
"68","09/02/2017","00:10:00","4B","4700 BEAUFORT AVE","AGG. ASSAULT","I","KNIFE",614,"NORTHWESTERN","Central Park Heights",-76.67434,39.34354,"(39.3435400000, -76.6743400000)","ROW/TOWNHO",1
"69","09/02/2017","00:08:00","4E","2900 ROUND RD","COMMON ASSAULT","I","HANDS",922,"SOUTHERN","Cherry Hill",-76.62745,39.24586,"(39.2458600000, -76.6274500000)","APT/CONDO",1
"70","09/01/2017","23:49:00","9S","2800 W BELVEDERE AV","SHOOTING","Inside","FIREARM",614,"NORTHWESTERN","Central Park Heights",-76.6699,39.35225,"(39.3522500000, -76.6699000000)","Street",1
"71","09/01/2017","23:48:00","3B","2000 W BALTIMORE ST","ROBBERY - STREET","O","",714,"WESTERN","Penrose/Fayette Street Ou",-76.64888,39.2881,"(39.2881000000, -76.6488800000)","STREET",1
"72","09/01/2017","23:30:00","3AK","200 S PATTERSON PARK AVE","ROBBERY - STREET","O","KNIFE",212,"SOUTHEASTERN","Upper Fells Point",-76.58455,39.28898,"(39.2889800000, -76.5845500000)","STREET",1
"73","09/01/2017","23:30:00","6D","1600 MCCULLOH ST","LARCENY FROM AUTO","O","",123,"CENTRAL","Upton",-76.6311,39.3052,"(39.3052000000, -76.6311000000)","STREET",1
"74","09/01/2017","22:30:00","6G","500 S CAROLINE ST","LARCENY","I","",213,"SOUTHEASTERN","Fells Point",-76.59671,39.28506,"(39.2850600000, -76.5967100000)","OTHER - IN",1
"75","09/01/2017","22:30:00","7A","300 E LORRAINE AVE","AUTO THEFT","O","",513,"NORTHERN","Harwood",-76.61208,39.32017,"(39.3201700000, -76.6120800000)","STREET",1
"76","09/01/2017","22:14:00","4E","3700 GREENSPRING AVE","COMMON ASSAULT","I","HANDS",612,"NORTHWESTERN","Park Circle",-76.65569,39.33295,"(39.3329500000, -76.6556900000)","APT/CONDO",1
"77","09/01/2017","22:10:00","5A","5800 WILLOWTON AVE","BURGLARY","I","",415,"NORTHEASTERN","Loch Raven",-76.5778,39.35871,"(39.3587100000, -76.5778000000)","APT/CONDO",1
"78","09/01/2017","22:00:00","6D","800 W 36TH ST","LARCENY FROM AUTO","O","",531,"NORTHERN","Hampden",-76.63004,39.33124,"(39.3312400000, -76.6300400000)","STREET",1
"79","09/01/2017","22:00:00","8AO","300 N FREMONT AVE","ARSON","I","",712,"WESTERN","Poppleton",-76.63103,39.29278,"(39.2927800000, -76.6310300000)","ROW/TOWNHO",1
"80","09/01/2017","22:00:00","3B","1600 W LANVALE ST","ROBBERY - STREET","O","",713,"WESTERN","Harlem Park",-76.64315,39.29774,"(39.2977400000, -76.6431500000)","STREET",1
"81","09/01/2017","22:00:00","6D","200 ROUNDHOUSE CT","LARCENY FROM AUTO","O","",932,"SOUTHERN","Washington Village/Pigtow",-76.62965,39.28552,"(39.2855200000, -76.6296500000)","STREET",1
"82","09/01/2017","21:32:00","4C","1700 N BROADWAY","AGG. ASSAULT","I","OTHER",343,"EASTERN","Oliver",-76.59516,39.31003,"(39.3100300000, -76.5951600000)","ROW/TOWNHO",1
"83","09/01/2017","21:30:00","7A","3500 CHESTERFIELD AVE","AUTO THEFT","O","",432,"NORTHEASTERN","Belair-Edison",-76.56422,39.32088,"(39.3208800000, -76.5642200000)","STREET",1
"84","09/01/2017","21:30:00","6D","700 ALLENDALE ST","LARCENY FROM AUTO","O","",844,"SOUTHWESTERN","Edgewood",-76.67846,39.29589,"(39.2958900000, -76.6784600000)","STREET",1
"85","09/01/2017","21:00:00","6D","1400 N LAKEWOOD AVE","LARCENY FROM AUTO","O","",332,"EASTERN","Berea",-76.57996,39.30732,"(39.3073200000, -76.5799600000)","PARKING LO",1
"86","09/01/2017","20:45:00","4E","1300 PARK AVE","COMMON ASSAULT","O","HANDS",132,"CENTRAL","Bolton Hill",-76.62328,39.3063,"(39.3063000000, -76.6232800000)","STREET",1
"87","09/01/2017","20:45:00","7A","OSTEND ST & S CHARLES ST","AUTO THEFT","O","",942,"SOUTHERN","Federal Hill",-76.61421,39.27474,"(39.2747400000, -76.6142100000)","STREET",1
"88","09/01/2017","20:00:00","6E","2500 WINCHESTER ST","LARCENY","I","",723,"WESTERN","Bridgeview/Greenlawn",-76.65863,39.30149,"(39.3014900000, -76.6586300000)","GARAGE ON",1
"89","09/01/2017","19:36:00","9S","6700 REISTERSTOWN RD","SHOOTING","Outside","FIREARM",631,"NORTHWESTERN","Reisterstown Station",-76.70528,39.35825,"(39.3582500000, -76.7052800000)","Street",1
"90","09/01/2017","19:36:00","4A","6200 REISTERSTOWN RD","AGG. ASSAULT","O","FIREARM",631,"NORTHWESTERN","Reisterstown Station",-76.69881,39.35365,"(39.3536500000, -76.6988100000)","PARKING LO",1
"91","09/01/2017","19:30:00","4E","4300 CONNECTICUT AVE","COMMON ASSAULT","I","HANDS",843,"SOUTHWESTERN","Irvington",-76.68764,39.28415,"(39.2841500000, -76.6876400000)","APT/CONDO",1
"92","09/01/2017","19:28:00","4E","3300 LIBERTY HEIGHTS AVE","COMMON ASSAULT","I","HANDS",642,"NORTHWESTERN","Forest Park",-76.6719,39.32417,"(39.3241700000, -76.6719000000)","APT/CONDO",1
"93","09/01/2017","19:00:00","4E","4000 4TH ST","COMMON ASSAULT","I","HANDS",913,"SOUTHERN","Brooklyn",-76.60764,39.23295,"(39.2329500000, -76.6076400000)","ROW/TOWNHO",1
"94","09/01/2017","19:00:00","6D","700 RAPPOLLA ST","LARCENY FROM AUTO","O","",242,"SOUTHEASTERN","Greektown",-76.55287,39.28494,"(39.2849400000, -76.5528700000)","ALLEY",1
"95","09/01/2017","18:30:00","6D","1700 CRYSTAL AVE","LARCENY FROM AUTO","O","",331,"EASTERN","Broadway East",-76.59296,39.30805,"(39.3080500000, -76.5929600000)","STREET",1
"96","09/01/2017","18:20:00","5A","2700 ROSLYN AVE","BURGLARY","I","",641,"NORTHWESTERN","Garwyn Oaks",-76.67813,39.3184,"(39.3184000000, -76.6781300000)","ROW/TOWNHO",1
"97","09/01/2017","18:10:00","7A","5000 ARDMORE WAY","AUTO THEFT","O","",426,"NORTHEASTERN","Waltherson",-76.5567,39.33757,"(39.3375700000, -76.5567000000)","STREET",1
"98","09/01/2017","18:00:00","3AF","2500 LLEWELYN AVE","ROBBERY - STREET","O","FIREARM",332,"EASTERN","Berea",-76.5822,39.30747,"(39.3074700000, -76.5822000000)","STREET",1
"99","09/01/2017","18:00:00","5A","0 N KOSSUTH ST","BURGLARY","I","",842,"SOUTHWESTERN","Saint Josephs",-76.67428,39.28787,"(39.2878700000, -76.6742800000)","ROW/TOWNHO",1
"100","09/01/2017","18:00:00","7A","1600 SHADYSIDE RD","AUTO THEFT","O","",412,"NORTHEASTERN","Hillen",-76.5903,39.33863,"(39.3386300000, -76.5903000000)","DRIVEWAY",1
"101","09/01/2017","17:53:00","4A","AV & CYPRESS ST","AGG. ASSAULT","O","FIREARM",911,"SOUTHERN","Curtis Bay",-76.58833,39.22374,"(39.2237400000, -76.5883300000)","STREET",1
"102","09/01/2017","17:53:00","4A","AV & CYPRESS ST","AGG. ASSAULT","O","FIREARM",911,"SOUTHERN","Curtis Bay",-76.58833,39.22374,"(39.2237400000, -76.5883300000)","STREET",1
"103","09/01/2017","17:15:00","3AO","1500 W LAFAYETTE AVE","ROBBERY - STREET","O","OTHER",713,"WESTERN","Harlem Park",-76.6419,39.2989,"(39.2989000000, -76.6419000000)","STREET",1
"104","09/01/2017","16:35:00","6B","4100 BALFERN AVE","LARCENY","O","",432,"NORTHEASTERN","Belair-Edison",-76.55889,39.31636,"(39.3163600000, -76.5588900000)","STREET",1
"105","09/01/2017","16:30:00","3B","5900 EASTERN AVE","ROBBERY - STREET","O","",242,"SOUTHEASTERN","Pulaski Industrial Area",-76.54548,39.28735,"(39.2873500000, -76.5454800000)","STREET",1
"106","09/01/2017","15:13:00","5A","6100 SHIPVIEW WAY","BURGLARY","I","",243,"SOUTHEASTERN","O'Donnell Heights",-76.54251,39.27659,"(39.2765900000, -76.5425100000)","ROW/TOWNHO",1
"107","09/01/2017","15:00:00","4E","1000 NEW HOPE CIR","COMMON ASSAULT","I","HANDS",211,"SOUTHEASTERN","Pleasant View Gardens",-76.6026,39.29349,"(39.2934900000, -76.6026000000)","ROW/TOWNHO",1
"108","09/01/2017","14:58:00","4C","ROCK GLEN RD & FREDERICK AV","AGG. ASSAULT","O","OTHER",823,"SOUTHWESTERN","Beechfield",-76.69805,39.28132,"(39.2813200000, -76.6980500000)","STREET",1
"109","09/01/2017","14:39:00","4C","0 S FRANKLINTOWN RD","AGG. ASSAULT","I","OTHER",842,"SOUTHWESTERN","Shipley Hill",-76.65835,39.28635,"(39.2863500000, -76.6583500000)","ROW/TOWNHO",1
"110","09/01/2017","14:00:00","3AK","200 N HOWARD ST","ROBBERY - STREET","O","KNIFE",111,"CENTRAL","Downtown",-76.61961,39.29164,"(39.2916400000, -76.6196100000)","STREET",1
"111","09/01/2017","13:30:00","3B","3300 ELGIN AVE","ROBBERY - STREET","O","",811,"SOUTHWESTERN","Walbrook",-76.67291,39.31319,"(39.3131900000, -76.6729100000)","STREET",1
"112","09/01/2017","13:10:00","5A","500 N GLOVER ST","BURGLARY","","",221,"SOUTHEASTERN","McElderry Park",-76.58003,39.29736,"(39.2973600000, -76.5800300000)","",1
"113","09/01/2017","12:40:00","6C","600 E PRATT ST","LARCENY","I","",112,"CENTRAL","Inner Harbor",-76.60774,39.2867,"(39.2867000000, -76.6077400000)","OTHER - IN",1
"114","09/01/2017","12:30:00","6F","BALTIMORE ST & N PRESIDENT ST","LARCENY","O","",111,"CENTRAL","Downtown",-76.60608,39.28991,"(39.2899100000, -76.6060800000)","STREET",1
"115","09/01/2017","12:30:00","4E","400 E BALTIMORE ST","COMMON ASSAULT","I","HANDS",111,"CENTRAL","Downtown",-76.61015,39.28976,"(39.2897600000, -76.6101500000)","RESTAURANT",1
"116","09/01/2017","12:05:00","4E","300 E TALBOTT ST","COMMON ASSAULT","O","HANDS",913,"SOUTHERN","Brooklyn",-76.60809,39.23512,"(39.2351200000, -76.6080900000)","STREET",1
"117","09/01/2017","12:00:00","5A","3800 LYNDALE AVE","BURGLARY","I","",432,"NORTHEASTERN","Belair-Edison",-76.56428,39.31714,"(39.3171400000, -76.5642800000)","ROW/TOWNHO",1
"118","09/01/2017","11:45:00","4A","2400 E BIDDLE ST","AGG. ASSAULT","O","FIREARM",322,"EASTERN","Biddle Street",-76.58387,39.30468,"(39.3046800000, -76.5838700000)","PORCH/DECK",1
"119","09/01/2017","11:35:00","5A","100 N MONTFORD AVE","BURGLARY","I","",221,"SOUTHEASTERN","Patterson Place",-76.58333,39.29319,"(39.2931900000, -76.5833300000)","ROW/TOWNHO",1
"120","09/01/2017","11:10:00","5D","5300 LYNVIEW AVE","BURGLARY","O","",623,"NORTHWESTERN","Woodmere",-76.68938,39.3445,"(39.3445000000, -76.6893800000)","SHED/GARAG",1
"121","09/01/2017","10:50:00","3AO","1400 N EDEN ST","ROBBERY - STREET","I","OTHER",343,"EASTERN","Oliver",-76.59969,39.30656,"(39.3065600000, -76.5996900000)","ROW/TOWNHO",1
"122","09/01/2017","10:10:00","4E","1200 W PRATT ST","COMMON ASSAULT","O","HANDS",932,"SOUTHERN","Washington Village/Pigtow",-76.63738,39.28558,"(39.2855800000, -76.6373800000)","PARKING LO",1
"123","09/01/2017","10:03:00","3K","1000 N BROADWAY","ROBBERY - RESIDENCE","I","",313,"EASTERN","Gay Street",-76.59469,39.30247,"(39.3024700000, -76.5946900000)","ROW/TOWNHO",1
"124","09/01/2017","10:00:00","6G","400 ILCHESTER AVE","LARCENY","I","",513,"NORTHERN","Harwood",-76.61088,39.32282,"(39.3228200000, -76.6108800000)","ROW/TOWNHO",1
"125","09/01/2017","09:45:00","6D","VISTA AV & COX ST","LARCENY FROM AUTO","O","",531,"NORTHERN","Hampden",-76.64049,39.33447,"(39.3344700000, -76.6404900000)","STREET",1
"126","09/01/2017","09:35:00","6J","2400 MARBOURNE AVE","LARCENY","I","",923,"SOUTHERN","Lakeland",-76.6516,39.2543,"(39.2543000000, -76.6516000000)","APT/CONDO",1
"127","09/01/2017","09:30:00","6G","2600 WILKENS AVE","LARCENY","I","",841,"SOUTHWESTERN","Millhill",-76.65832,39.27824,"(39.2782400000, -76.6583200000)","TRACTOR TR",1
"128","09/01/2017","09:00:00","5A","5500 GIST AVE","BURGLARY","I","",623,"NORTHWESTERN","Woodmere",-76.68814,39.34994,"(39.3499400000, -76.6881400000)","ROW/TOWNHO",1
"129","09/01/2017","08:30:00","5A","100 N CURLEY ST","BURGLARY","I","",222,"SOUTHEASTERN","Patterson Park Neighborho",-76.57555,39.29374,"(39.2937400000, -76.5755500000)","ROW/TOWNHO",1
"130","09/01/2017","08:00:00","5A","700 N DUNCAN ST","BURGLARY","I","",321,"EASTERN","Middle East",-76.58724,39.29908,"(39.2990800000, -76.5872400000)","ROW/TOWNHO",1
"131","09/01/2017","07:45:00","5B","0 N LUZERNE AVE","BURGLARY","I","",222,"SOUTHEASTERN","Patterson Park Neighborho",-76.58049,39.29246,"(39.2924600000, -76.5804900000)","ROW/TOWNHO",1
"132","09/01/2017","07:30:00","6D","WASHINGTON ST & ORLEANS ST","LARCENY FROM AUTO","O","",321,"EASTERN","CARE",-76.58939,39.29534,"(39.2953400000, -76.5893900000)","PARKING LO",1
"133","09/01/2017","07:30:00","6D","6300 WALLIS AVE","LARCENY FROM AUTO","O","",632,"NORTHWESTERN","Cross Country",-76.69368,39.3601,"(39.3601000000, -76.6936800000)","DRIVEWAY",1
"134","09/01/2017","07:15:00","3AF","20TH ST & MARYLAND AV","ROBBERY - STREET","O","FIREARM",141,"NORTHERN","Charles North",-76.61798,39.31217,"(39.3121700000, -76.6179800000)","STREET",1
"135","09/01/2017","07:15:00","5A","300 E 27TH ST","BURGLARY","I","",513,"NORTHERN","Harwood",-76.61205,39.32081,"(39.3208100000, -76.6120500000)","ROW/TOWNHO",1
"136","09/01/2017","06:02:00","4E","2300 HOLLINS ST","COMMON ASSAULT","I","HANDS",842,"SOUTHWESTERN","Shipley Hill",-76.65328,39.28684,"(39.2868400000, -76.6532800000)","APT/CONDO",1
"137","09/01/2017","05:50:00","6E","ST & WASHINGTON BL","LARCENY","O","",935,"SOUTHERN","Washington Village/Pigtow",-76.63808,39.27852,"(39.2785200000, -76.6380800000)","STREET",1
"138","09/01/2017","05:25:00","5D","900 N CHARLES ST","BURGLARY","I","",142,"CENTRAL","Mount Vernon",-76.61587,39.30026,"(39.3002600000, -76.6158700000)","RESTAURANT",1
"139","09/01/2017","04:45:00","7A","4500 ARABIA AVE","AUTO THEFT","O","",422,"NORTHEASTERN","Beverly Hills",-76.56929,39.34019,"(39.3401900000, -76.5692900000)","DRIVEWAY",1
"140","09/01/2017","03:47:00","3AF","3300 GREENMOUNT AVE","ROBBERY - STREET","O","FIREARM",512,"NORTHERN","Oakenshawe",-76.60947,39.3286,"(39.3286000000, -76.6094700000)","STREET",1
"141","09/01/2017","03:43:00","5D","200 N HILTON ST","BURGLARY","O","",842,"SOUTHWESTERN","Saint Josephs",-76.67252,39.28943,"(39.2894300000, -76.6725200000)","SHED/GARAG",1
"142","09/01/2017","03:22:00","4C","BL & CUSTER RD","AGG. ASSAULT","O","OTHER",832,"SOUTHWESTERN","Violetville",-76.68285,39.26905,"(39.2690500000, -76.6828500000)","STREET",1
"143","09/01/2017","03:22:00","4C","BL & CUSTER RD","AGG. ASSAULT","O","OTHER",832,"SOUTHWESTERN","Violetville",-76.68285,39.26905,"(39.2690500000, -76.6828500000)","STREET",1
"144","09/01/2017","03:12:00","5A","0 S POTOMAC ST","BURGLARY","I","",222,"SOUTHEASTERN","Patterson Park Neighborho",-76.57471,39.29182,"(39.2918200000, -76.5747100000)","ROW/TOWNHO",1
"145","09/01/2017","03:00:00","6E","2900 SPELMAN RD","LARCENY","O","",922,"SOUTHERN","Cherry Hill",-76.62736,39.24499,"(39.2449900000, -76.6273600000)","STREET",1
"146","09/01/2017","02:45:00","4D","2400 W BELVEDERE AVE","AGG. ASSAULT","O","HANDS",532,"NORTHERN","Levindale",-76.66234,39.35453,"(39.3545300000, -76.6623400000)","STREET",1
"147","09/01/2017","02:40:00","4E","3900 TOWANDA AVE","COMMON ASSAULT","I","HANDS",613,"NORTHWESTERN","Towanda-Grantley",-76.66448,39.33265,"(39.3326500000, -76.6644800000)","ROW/TOWNHO",1
"148","09/01/2017","02:20:00","4C","AV & GARRISON BL","AGG. ASSAULT","O","OTHER",642,"NORTHWESTERN","Dolfield",-76.68474,39.33663,"(39.3366300000, -76.6847400000)","STREET",1
"149","09/01/2017","02:20:00","4A","5100 REISTERSTOWN RD","AGG. ASSAULT","O","FIREARM",623,"NORTHWESTERN","Woodmere",-76.68277,39.34237,"(39.3423700000, -76.6827700000)","GAS STATIO",1
"150","09/01/2017","02:20:00","4A","2800 W BELVEDERE AVE","AGG. ASSAULT","O","FIREARM",614,"NORTHWESTERN","Central Park Heights",-76.6699,39.35225,"(39.3522500000, -76.6699000000)","STREET",1
"151","09/01/2017","02:00:00","6E","SARATOGA ST & DIAMOND ST","LARCENY","O","",111,"CENTRAL","Downtown",-76.62321,39.29276,"(39.2927600000, -76.6232100000)","STREET",1
"152","09/01/2017","01:45:00","4B","3100 PULASKI HWY","AGG. ASSAULT","I","KNIFE",224,"SOUTHEASTERN","Ellwood Park/Monument",-76.57319,39.29549,"(39.2954900000, -76.5731900000)","ROW/TOWNHO",1
"153","09/01/2017","01:35:00","4D","4000 BALFERN AVE","AGG. ASSAULT","","HANDS",432,"NORTHEASTERN","Belair-Edison",-76.55946,39.31691,"(39.3169100000, -76.5594600000)","",1
"154","09/01/2017","01:32:00","4E","500 ALLENDALE ST","COMMON ASSAULT","I","HANDS",843,"SOUTHWESTERN","Allendale",-76.67828,39.29286,"(39.2928600000, -76.6782800000)","ROW/TOWNHO",1
"155","09/01/2017","01:30:00","6H","3300 SPAULDING AVE","LARCENY","I","",614,"NORTHWESTERN","Central Park Heights",-76.67623,39.34736,"(39.3473600000, -76.6762300000)","ROW/TOWNHO",1
"156","09/01/2017","01:18:00","3AJF","2200 ROUND RD","ROBBERY - CARJACKING","O","FIREARM",922,"SOUTHERN","Cherry Hill",-76.62584,39.25359,"(39.2535900000, -76.6258400000)","PARKING LO",1
"157","09/01/2017","00:32:00","4B","2400 N HILTON ST","AGG. ASSAULT","I","KNIFE",641,"NORTHWESTERN","Hanlon-Longwood",-76.67268,39.31489,"(39.3148900000, -76.6726800000)","APT/CONDO",1
"158","09/01/2017","00:23:00","4C","500 N CHARLES ST","AGG. ASSAULT","I","OTHER",142,"CENTRAL","Mount Vernon",-76.61558,39.29576,"(39.2957600000, -76.6155800000)","BAR",1
"159","09/01/2017","00:10:00","7A","WARWICK AV & W FRANKLIN ST","AUTO THEFT","O","",842,"WESTERN","Penrose/Fayette Street Ou",-76.65662,39.29332,"(39.2933200000, -76.6566200000)","GAS STATIO",1
"160","09/01/2017","00:01:00","7A","2000 WHISTLER AVE","AUTO THEFT","O","",831,"SOUTHWESTERN","Morrell Park",-76.65123,39.26523,"(39.2652300000, -76.6512300000)","STREET",1
"161","09/01/2017","00:01:00","5A","900 CHESTNUT HILL AVE","BURGLARY","I","",412,"NORTHEASTERN","Ednor Gardens-Lakeside",-76.60423,39.33404,"(39.3340400000, -76.6042300000)","ROW/TOWNHO",1
"162","09/01/2017","00:00:00","7A","800 W 37TH ST","AUTO THEFT","O","",531,"NORTHERN","Hampden",-76.63007,39.33288,"(39.3328800000, -76.6300700000)","STREET",1
"163","08/31/2017","23:44:00","5A","3200 E FAIRMOUNT AVE","BURGLARY","","",222,"SOUTHEASTERN","Patterson Park Neighborho",-76.57185,39.29354,"(39.2935400000, -76.5718500000)","",1
"164","08/31/2017","23:20:00","4E","2800 MAYFIELD AVE","COMMON ASSAULT","","HANDS",432,"NORTHEASTERN","Belair-Edison",-76.57423,39.3232,"(39.3232000000, -76.5742300000)","",1
"165","08/31/2017","23:05:00","3AF","1900 W LOMBARD ST","ROBBERY - STREET","O","FIREARM",934,"SOUTHERN","Carrollton Ridge",-76.64695,39.28619,"(39.2861900000, -76.6469500000)","STREET",1
"166","08/31/2017","23:00:00","5A","0 N BELNORD AVE","BURGLARY","I","",222,"SOUTHEASTERN","Patterson Park Neighborho",-76.5783,39.29272,"(39.2927200000, -76.5783000000)","ROW/TOWNHO",1
"167","08/31/2017","23:00:00","4E","4800 BAYONNE AVE","COMMON ASSAULT","I","HANDS",444,"NORTHEASTERN","Frankford",-76.53421,39.34091,"(39.3409100000, -76.5342100000)","ROW/TOWNHO",1
"168","08/31/2017","22:54:00","3AF","LEXINGTON ST & PARK AV","ROBBERY - STREET","","FIREARM",111,"CENTRAL","Downtown",-76.61803,39.29161,"(39.2916100000, -76.6180300000)","",1
"169","08/31/2017","22:41:00","4E","2400 MCCULLOH ST","COMMON ASSAULT","","HANDS",733,"WESTERN","Penn North",-76.63921,39.31261,"(39.3126100000, -76.6392100000)","",1
"170","08/31/2017","22:20:00","5B","200 S ROBINSON ST","BURGLARY","I","",231,"SOUTHEASTERN","Highlandtown",-76.57239,39.28911,"(39.2891100000, -76.5723900000)","ROW/TOWNHO",1
"171","08/31/2017","22:11:00","3AJF","LAFAYETTE AV & HARFORD AV","ROBBERY - CARJACKING","O","FIREARM",343,"EASTERN","Oliver",-76.59988,39.31045,"(39.3104500000, -76.5998800000)","STREET",1
"172","08/31/2017","22:10:00","6G","2100 W FAYETTE ST","LARCENY","I","",714,"WESTERN","Penrose/Fayette Street Ou",-76.65054,39.28938,"(39.2893800000, -76.6505400000)","ROW/TOWNHO",1
"173","08/31/2017","22:04:00","4E","NORTH AV & GREENMOUNT AV","COMMON ASSAULT","O","HANDS",342,"EASTERN","Barclay",-76.60946,39.31141,"(39.3114100000, -76.6094600000)","STREET",1
"174","08/31/2017","22:00:00","6D","600 E JEFFREY ST","LARCENY FROM AUTO","O","",913,"SOUTHERN","Brooklyn",-76.60308,39.23302,"(39.2330200000, -76.6030800000)","STREET",1
"175","08/31/2017","22:00:00","7A","400 SAINT PAUL PL","AUTO THEFT","O","",111,"CENTRAL","Downtown",-76.61429,39.29428,"(39.2942800000, -76.6142900000)","STREET",1
"176","08/31/2017","22:00:00","7A","3400 FALLS RD","AUTO THEFT","O","",531,"NORTHERN","Hampden",-76.63432,39.32916,"(39.3291600000, -76.6343200000)","STREET",1
"177","08/31/2017","21:52:00","5A","200 E 33RD ST","BURGLARY","I","",512,"NORTHERN","Charles Village",-76.61447,39.32808,"(39.3280800000, -76.6144700000)","ROW/TOWNHO",1
"178","08/31/2017","21:35:00","4E","200 W PRATT ST","COMMON ASSAULT","","HANDS",113,"CENTRAL","Downtown West",-76.61779,39.28641,"(39.2864100000, -76.6177900000)","",1
"179","08/31/2017","21:30:00","4A","0 PARKIN ST","AGG. ASSAULT","O","FIREARM",931,"SOUTHERN","Hollins Market",-76.63064,39.28752,"(39.2875200000, -76.6306400000)","PLAYGROUND",1
"180","08/31/2017","21:30:00","6D","600 S PACA ST","LARCENY FROM AUTO","O","",941,"SOUTHERN","Ridgely's Delight",-76.62464,39.28308,"(39.2830800000, -76.6246400000)","PARKING LO",1
"181","08/31/2017","21:00:00","5A","500 S CURLEY ST","BURGLARY","I","",232,"SOUTHEASTERN","Canton",-76.5751,39.28579,"(39.2857900000, -76.5751000000)","ROW/TOWNHO",1
"182","08/31/2017","21:00:00","3B","HOWARD ST & W BALTIMORE ST","ROBBERY - STREET","","",111,"CENTRAL","Downtown",-76.61945,39.28935,"(39.2893500000, -76.6194500000)","",1
"183","08/31/2017","21:00:00","3CF","2700 WASHINGTON BLVD","ROBBERY - COMMERCIAL","I","FIREARM",831,"SOUTHWESTERN","Morrell Park",-76.65493,39.26449,"(39.2644900000, -76.6549300000)","OTHER - IN",1
"184","08/31/2017","20:24:00","9S","3300 PIEDMONT AV","SHOOTING","Outside","FIREARM",641,"NORTHWESTERN","Hanlon-Longwood",-76.67306,39.31636,"(39.3163600000, -76.6730600000)","Street",1
"185","08/31/2017","20:53:00","4E","GREENMOUNT AV","COMMON ASSAULT","","HANDS",311,"EASTERN","Greenmount West",-76.60929,39.30936,"(39.3093600000, -76.6092900000)","",1
"186","08/31/2017","20:50:00","3B","200 S President St","ROBBERY - STREET","O","",211,"SOUTHEASTERN","Inner Harbor",-76.60405,39.28667,"(39.2866700000, -76.6040500000)","STREET",1
"187","08/31/2017","20:39:00","7A","5800 BELAIR RD","AUTO THEFT","O","",425,"NORTHEASTERN","Glenham-Belhar",-76.54277,39.34435,"(39.3443500000, -76.5427700000)","GAS STATIO",1
"188","08/31/2017","20:38:00","3AF","700 ALICEANNA ST","ROBBERY - STREET","O","FIREARM",211,"SOUTHEASTERN","Inner Harbor",-76.60286,39.28299,"(39.2829900000, -76.6028600000)","STREET",1
"189","08/31/2017","20:32:00","6F","CHARLES ST & W PRATT ST","LARCENY","O","",113,"CENTRAL","Downtown West",-76.61521,39.28647,"(39.2864700000, -76.6152100000)","STREET",1
"190","08/31/2017","20:32:00","3AF","CHARLES ST & W PRATT ST","ROBBERY - STREET","O","FIREARM",113,"CENTRAL","Downtown West",-76.61521,39.28647,"(39.2864700000, -76.6152100000)","BUS/AUTO",1
"191","08/31/2017","20:24:00","4E","2500 WILKENS AVE","COMMON ASSAULT","","HANDS",841,"SOUTHWESTERN","Millhill",-76.65458,39.27949,"(39.2794900000, -76.6545800000)","",1
"192","08/31/2017","20:24:00","4A","ST & PIEDMONT AV","AGG. ASSAULT","O","FIREARM",641,"NORTHWESTERN","Hanlon-Longwood",-76.67455,39.31628,"(39.3162800000, -76.6745500000)","STREET",1
"193","08/31/2017","20:14:00","5A","1600 MORELAND AVE","BURGLARY","I","",723,"WESTERN","Coppin Heights/Ash-Co-Eas",-76.65575,39.30665,"(39.3066500000, -76.6557500000)","ROW/TOWNHO",1
"194","08/31/2017","19:40:00","6C","3400 CLIFTON AVE","LARCENY","I","",812,"SOUTHWESTERN","Mount Holly",-76.6756,39.31089,"(39.3108900000, -76.6756000000)","DRUG STORE",1
"195","08/31/2017","19:30:00","6D","3100 SWANN DR","LARCENY FROM AUTO","O","",531,"NORTHERN","Druid Hill Park",-76.64257,39.31912,"(39.3191200000, -76.6425700000)","PARK",1
"196","08/31/2017","19:30:00","3B","1000 N GILMOR ST","ROBBERY - STREET","I","",743,"WESTERN","Sandtown-Winchester",-76.643,39.30041,"(39.3004100000, -76.6430000000)","GROCERY/CO",1
"197","08/31/2017","19:15:00","6C","200 E PRATT ST","LARCENY","","",112,"CENTRAL","Inner Harbor",-76.61134,39.28655,"(39.2865500000, -76.6113400000)","",1
"198","08/31/2017","19:15:00","5A","2000 W FAYETTE ST","BURGLARY","I","",714,"WESTERN","Penrose/Fayette Street Ou",-76.64911,39.28943,"(39.2894300000, -76.6491100000)","ROW/TOWNHO",1
"199","08/31/2017","19:00:00","6E","6800 HARFORD RD","LARCENY","I","",424,"NORTHEASTERN","North Harford Road",-76.55075,39.36463,"(39.3646300000, -76.5507500000)","CAR LOT-NE",1
"200","08/31/2017","18:45:00","6D","5200 BELAIR RD","LARCENY FROM AUTO","O","",443,"NORTHEASTERN","Frankford",-76.55321,39.337,"(39.3370000000, -76.5532100000)","PARKING LO",1
"201","08/31/2017","18:45:00","6D","5200 BELAIR RD","LARCENY FROM AUTO","O","",443,"NORTHEASTERN","Frankford",-76.55321,39.337,"(39.3370000000, -76.5532100000)","PARKING LO",1
"202","08/31/2017","18:30:00","5D","2300 ASHLAND AVE","BURGLARY","I","",323,"EASTERN","Milton-Montford",-76.5847,39.3009,"(39.3009000000, -76.5847000000)","ROW/TOWNHO",1
"203","08/31/2017","18:25:00","4E","700 S FAGLEY ST","COMMON ASSAULT","I","HANDS",233,"SOUTHEASTERN","Brewers Hill",-76.56409,39.2843,"(39.2843000000, -76.5640900000)","ROW/TOWNHO",1
"204","08/31/2017","18:11:00","5A","1200 N WOODINGTON RD","BURGLARY","","",844,"SOUTHWESTERN","Edmondson Village",-76.68701,39.30136,"(39.3013600000, -76.6870100000)","",1
"205","08/31/2017","18:11:00","5A","1200 N WOODINGTON RD","BURGLARY","","",844,"SOUTHWESTERN","Edmondson Village",-76.68703,39.30139,"(39.3013900000, -76.6870300000)","",1
"206","08/31/2017","18:05:00","6G","1500 RUSSELL ST","LARCENY","I","",941,"SOUTHERN","Carroll - Camden Industri",-76.62769,39.27408,"(39.2740800000, -76.6276900000)","OTHER - IN",1
"207","08/31/2017","18:00:00","6D","1600 HOLBROOK ST","LARCENY FROM AUTO","","",343,"EASTERN","Oliver",-76.60319,39.30862,"(39.3086200000, -76.6031900000)","",1
"208","08/31/2017","18:00:00","6D","5500 O''DONNELL ST","LARCENY FROM AUTO","O","",233,"SOUTHEASTERN","Medford",-76.54779,39.27878,"(39.2787800000, -76.5477900000)","PARKING LO",1
"209","08/31/2017","18:00:00","4E","1700 E MADISON ST","COMMON ASSAULT","I","HANDS",321,"EASTERN","Middle East",-76.59366,39.29943,"(39.2994300000, -76.5936600000)","ROW/TOWNHO",1
"210","08/31/2017","18:00:00","6E","4100 SUNNYSIDE AVE","LARCENY","O","",631,"NORTHWESTERN","Reisterstown Station",-76.69302,39.34923,"(39.3492300000, -76.6930200000)","STREET",1
"211","08/31/2017","18:00:00","6E","100 N EAST AVE","LARCENY","O","",222,"SOUTHEASTERN","Patterson Park Neighborho",-76.57248,39.29354,"(39.2935400000, -76.5724800000)","STREET",1
"212","08/31/2017","17:36:00","3D","300 W BALTIMORE ST","ROBBERY - COMMERCIAL","","",111,"CENTRAL","Downtown",-76.61967,39.28938,"(39.2893800000, -76.6196700000)","",1
"213","08/31/2017","17:30:00","6C","3700 BOSTON ST","LARCENY","I","",233,"SOUTHEASTERN","Canton Industrial Area",-76.56525,39.27709,"(39.2770900000, -76.5652500000)","GROCERY/CO",1
"214","08/31/2017","17:30:00","6E","3900 BARRINGTON RD","LARCENY","O","",621,"NORTHWESTERN","Dorchester",-76.6841,39.33136,"(39.3313600000, -76.6841000000)","STREET",1
"215","08/31/2017","17:00:00","5B","900 N BELNORD AVE","BURGLARY","I","",323,"EASTERN","Madison-Eastend",-76.57889,39.30151,"(39.3015100000, -76.5788900000)","ROW/TOWNHO",1
"216","08/31/2017","17:00:00","6D","1100 COVINGTON ST","LARCENY FROM AUTO","O","",943,"SOUTHERN","Riverside",-76.60691,39.27675,"(39.2767500000, -76.6069100000)","STREET",1
"217","08/31/2017","17:00:00","6D","3400 FALLS RD","LARCENY FROM AUTO","O","",531,"NORTHERN","Hampden",-76.63428,39.32903,"(39.3290300000, -76.6342800000)","STREET",1
"218","08/31/2017","17:00:00","6D","ST & N MARTIN LUTHER KING JR BL","LARCENY FROM AUTO","","",132,"CENTRAL","Upton",-76.6235,39.29911,"(39.2991100000, -76.6235000000)","",1
"219","08/31/2017","16:38:00","4E","300 E 29TH ST","COMMON ASSAULT","I","HANDS",513,"NORTHERN","Harwood",-76.6124,39.32336,"(39.3233600000, -76.6124000000)","OTHER - IN",1
"220","08/31/2017","16:30:00","5A","3200 BURLEITH AVE","BURGLARY","I","",611,"NORTHWESTERN","Burleith-Leighton",-76.66073,39.31828,"(39.3182800000, -76.6607300000)","APT/CONDO",1
"221","08/31/2017","16:20:00","6J","1700 FLEET ST","LARCENY","O","",213,"SOUTHEASTERN","Fells Point",-76.59331,39.28459,"(39.2845900000, -76.5933100000)","STREET",1
"222","08/31/2017","16:15:00","6D","1300 PARK AVE","LARCENY FROM AUTO","O","",132,"CENTRAL","Bolton Hill",-76.62337,39.30637,"(39.3063700000, -76.6233700000)","STREET",1
"223","08/31/2017","16:04:00","3AF","","ROBBERY - STREET","","FIREARM",843,"SOUTHWESTERN","",NA,NA,"","",1
"224","08/31/2017","15:30:00","6J","700 S BROADWAY","LARCENY","O","",213,"SOUTHEASTERN","Fells Point",-76.59352,39.28331,"(39.2833100000, -76.5935200000)","STREET",1
"225","08/31/2017","15:30:00","6F","1100 BROENING HWY","LARCENY","I","",233,"SOUTHEASTERN","Medford",-76.54376,39.28063,"(39.2806300000, -76.5437600000)","ROW/TOWNHO",1
"226","08/31/2017","15:25:00","4E","HEIGHTS AV & W COLD SPRING LN","COMMON ASSAULT","O","HANDS",614,"NORTHWESTERN","Central Park Heights",-76.66645,39.33963,"(39.3396300000, -76.6664500000)","STREET",1
"227","08/31/2017","15:20:00","4E","200 E PRATT ST","COMMON ASSAULT","I","HANDS",112,"CENTRAL","Inner Harbor",-76.61204,39.28659,"(39.2865900000, -76.6120400000)","SHOPPING M",1
"228","08/31/2017","15:15:00","4E","3000 GRANTLEY AVE","COMMON ASSAULT","I","HANDS",613,"NORTHWESTERN","Towanda-Grantley",-76.67017,39.33629,"(39.3362900000, -76.6701700000)","ROW/TOWNHO",1
"229","08/31/2017","15:04:00","6D","3600 POTEE ST","LARCENY FROM AUTO","","",913,"SOUTHERN","Brooklyn",-76.61094,39.23873,"(39.2387300000, -76.6109400000)","",1
"230","08/31/2017","14:50:00","6C","YORK RD","LARCENY","I","",523,"NORTHERN","Homeland",-76.60993,39.35573,"(39.3557300000, -76.6099300000)","LIQUOR STO",1
"231","08/31/2017","14:30:00","6G","","LARCENY","I","",511,"NORTHERN","",NA,NA,"","HOSP/NURS.",1
"232","08/31/2017","14:25:00","3JF","1100 TIFFANY CT","ROBBERY - RESIDENCE","I","FIREARM",123,"CENTRAL","Upton",-76.62556,39.30169,"(39.3016900000, -76.6255600000)","ROW/TOWNHO",1
"233","08/31/2017","14:15:00","4E","3700 FALLS RD","COMMON ASSAULT","I","HANDS",531,"NORTHERN","Hampden",-76.63564,39.33341,"(39.3334100000, -76.6356400000)","APT/CONDO",1
"234","08/31/2017","13:20:00","6C","5400 REISTERSTOWN RD","LARCENY","I","",623,"NORTHWESTERN","Woodmere",-76.68936,39.3471,"(39.3471000000, -76.6893600000)","CONVENIENC",1
"235","08/31/2017","13:15:00","6D","4200 CHATHAM RD","LARCENY FROM AUTO","","",621,"NORTHWESTERN","Dorchester",-76.68897,39.33048,"(39.3304800000, -76.6889700000)","",1
"236","08/31/2017","13:15:00","6D","100 E WELLS ST","LARCENY FROM AUTO","","",943,"SOUTHERN","Riverside",-76.61174,39.26846,"(39.2684600000, -76.6117400000)","",1
"237","08/31/2017","13:09:00","3AO","1100 PARRISH ST","ROBBERY - STREET","","OTHER",743,"WESTERN","Sandtown-Winchester",-76.64242,39.30154,"(39.3015400000, -76.6424200000)","",1
"238","08/31/2017","13:00:00","6D","NORTH AV & N BENTALOU ST","LARCENY FROM AUTO","O","",723,"WESTERN","Coppin Heights/Ash-Co-Eas",-76.6541,39.3096,"(39.3096000000, -76.6541000000)","STREET",1
"239","08/31/2017","13:00:00","7A","RD & W PATAPSCO AV","AUTO THEFT","","",922,"SOUTHERN","Cherry Hill",-76.63977,39.24895,"(39.2489500000, -76.6397700000)","",1
"240","08/31/2017","12:30:00","4F","1200 W PRATT ST","ASSAULT BY THREAT","","",932,"SOUTHERN","Washington Village/Pigtow",-76.63737,39.28558,"(39.2855800000, -76.6373700000)","",1
"241","08/31/2017","12:25:00","7A","1900 N CHESTER ST","AUTO THEFT","O","",331,"EASTERN","South Clifton Park",-76.58875,39.31285,"(39.3128500000, -76.5887500000)","STREET",1
"242","08/31/2017","12:25:00","4F","3300 GARRISON BLVD","ASSAULT BY THREAT","","",642,"NORTHWESTERN","Forest Park",-76.68257,39.32642,"(39.3264200000, -76.6825700000)","",1
"243","08/31/2017","12:00:00","6E","1500 N CAROLINE ST","LARCENY","O","",343,"EASTERN","Oliver",-76.59817,39.3076,"(39.3076000000, -76.5981700000)","STREET",1
"244","08/31/2017","12:00:00","4F","1000 W NORTH AVE","ASSAULT BY THREAT","O","",132,"CENTRAL","Madison Park",-76.63421,39.31028,"(39.3102800000, -76.6342100000)","GAS STATIO",1
"245","08/31/2017","12:00:00","6D","4300 LIBERTY HEIGHTS AVE","LARCENY FROM AUTO","O","",621,"NORTHWESTERN","Dorchester",-76.69051,39.32979,"(39.3297900000, -76.6905100000)","PARKING LO",1
"246","08/31/2017","12:00:00","5A","1100 N WOODINGTON RD","BURGLARY","","",844,"SOUTHWESTERN","Edmondson Village",-76.68635,39.30052,"(39.3005200000, -76.6863500000)","",1
"247","08/31/2017","11:30:00","4E","1700 E 25TH ST","COMMON ASSAULT","I","HANDS",342,"EASTERN","Darley Park",-76.59317,39.3159,"(39.3159000000, -76.5931700000)","ROW/TOWNHO",1
"248","08/31/2017","11:00:00","6J","4100 POTTER ST","LARCENY","I","",833,"SOUTHWESTERN","Irvington",-76.68378,39.27815,"(39.2781500000, -76.6837800000)","APT/CONDO",1
"249","08/31/2017","11:00:00","6J","100 W NORTH AVE","LARCENY","O","",141,"CENTRAL","Charles North",-76.61812,39.31114,"(39.3111400000, -76.6181200000)","STREET",1
"250","08/31/2017","11:00:00","5B","900 WICKLOW RD","BURGLARY","","",822,"SOUTHWESTERN","Rognel Heights",-76.6889,39.2966,"(39.2966000000, -76.6889000000)","",1
"251","08/31/2017","11:00:00","6C","1500 S CATON AVE","LARCENY","O","",831,"SOUTHWESTERN","Morrell Park",-76.66527,39.26166,"(39.2616600000, -76.6652700000)","GAS STATIO",1
"252","08/31/2017","11:00:00","4E","6800 REISTERSTOWN RD","COMMON ASSAULT","I","HANDS",631,"NORTHWESTERN","Reisterstown Station",-76.70749,39.35996,"(39.3599600000, -76.7074900000)","OTHER - IN",1
"253","08/31/2017","10:48:00","7A","2300 LAURETTA AVE","AUTO THEFT","O","",721,"WESTERN","Rosemont Homeowners/Tenan",-76.65378,39.29409,"(39.2940900000, -76.6537800000)","STREET",1
"254","08/31/2017","10:41:00","4B","3500 E PRATT ST","AGG. ASSAULT","I","KNIFE",223,"SOUTHEASTERN","Baltimore Highlands",-76.56791,39.29027,"(39.2902700000, -76.5679100000)","ROW/TOWNHO",1
"255","08/31/2017","10:35:00","6G","500 MOSHER ST","LARCENY","","",123,"CENTRAL","Upton",-76.63131,39.30293,"(39.3029300000, -76.6313100000)","",1
"256","08/31/2017","10:30:00","6J","3900 BARTWOOD RD","LARCENY","I","",632,"NORTHWESTERN","Glen",-76.70155,39.3582,"(39.3582000000, -76.7015500000)","ROW/TOWNHO",1
"257","08/31/2017","10:18:00","4A","1900 CLIFTON AVE","AGG. ASSAULT","","FIREARM",731,"WESTERN","Mondawmin",-76.64895,39.31188,"(39.3118800000, -76.6489500000)","",1
"258","08/31/2017","10:14:00","7A","900 E FORT AVE","AUTO THEFT","","",943,"SOUTHERN","Riverside",-76.60136,39.2717,"(39.2717000000, -76.6013600000)","",1
"259","08/31/2017","10:00:00","6G","3200 WASHINGTON BLVD","LARCENY","","",831,"SOUTHWESTERN","",-76.66412,39.2573,"(39.2573000000, -76.6641200000)","",1
"260","08/31/2017","09:30:00","4E","2500 EUTAW PL","COMMON ASSAULT","","HANDS",133,"CENTRAL","Reservoir Hill",-76.63845,39.31509,"(39.3150900000, -76.6384500000)","",1
"261","08/31/2017","09:15:00","3CO","1000 S CHARLES ST","ROBBERY - COMMERCIAL","","OTHER",942,"SOUTHERN","Federal Hill",-76.61448,39.27807,"(39.2780700000, -76.6144800000)","",1
"262","08/31/2017","09:05:00","6C","4600 LIBERTY HEIGHTS AVE","LARCENY","I","",622,"NORTHWESTERN","Howard Park",-76.69447,39.33096,"(39.3309600000, -76.6944700000)","CHAIN FOOD",1
"263","08/31/2017","09:01:00","3AF","4500 ROKEBY RD","ROBBERY - STREET","O","FIREARM",822,"SOUTHWESTERN","Rognel Heights",-76.69309,39.29576,"(39.2957600000, -76.6930900000)","STREET",1
"264","08/31/2017","09:00:00","5A","6200 MCCLEAN BLVD","BURGLARY","I","",423,"NORTHEASTERN","Hamilton Hills",-76.56882,39.36107,"(39.3610700000, -76.5688200000)","ROW/TOWNHO",1
"265","08/31/2017","08:30:00","6D","900 W NORTH AVE","LARCENY FROM AUTO","O","",133,"CENTRAL","Reservoir Hill",-76.63344,39.31052,"(39.3105200000, -76.6334400000)","STREET",1
"266","08/31/2017","07:52:00","4E","700 DENISON ST","COMMON ASSAULT","","HANDS",844,"SOUTHWESTERN","Edgewood",-76.67389,39.29569,"(39.2956900000, -76.6738900000)","",1
"267","08/31/2017","07:30:00","6D","LAFAYETTE AV & N CALHOUN ST","LARCENY FROM AUTO","O","",713,"WESTERN","Harlem Park",-76.64013,39.29899,"(39.2989900000, -76.6401300000)","STREET",1
"268","08/31/2017","07:30:00","6E","200 N HOWARD ST","LARCENY","O","",111,"CENTRAL","Downtown",-76.61959,39.29241,"(39.2924100000, -76.6195900000)","STREET",1
"269","08/31/2017","07:16:00","3B","NORTH AV & N PORT ST","ROBBERY - STREET","I","",332,"EASTERN","Broadway East",-76.58385,39.31261,"(39.3126100000, -76.5838500000)","OTHER - IN",1
"270","08/31/2017","07:00:00","5C","2500 LAKELAND AVE","BURGLARY","","",923,"SOUTHERN","Lakeland",-76.64715,39.25556,"(39.2555600000, -76.6471500000)","",1
"271","08/31/2017","06:06:00","6C","1500 62ND ST","LARCENY","I","",441,"NORTHEASTERN","Pulaski Industrial Area",-76.53103,39.31104,"(39.3110400000, -76.5310300000)","OTHER - IN",1
"272","08/31/2017","05:30:00","4C","600 E LOMBARD ST","AGG. ASSAULT","O","OTHER",111,"CENTRAL","Downtown",-76.60745,39.2879,"(39.2879000000, -76.6074500000)","STREET",1
"273","08/31/2017","05:30:00","7A","1700 DRUID HILL AVE","AUTO THEFT","O","",123,"CENTRAL","Upton",-76.63268,39.30537,"(39.3053700000, -76.6326800000)","STREET",1
"274","08/31/2017","05:12:00","3AF","1200 BOLTON ST","ROBBERY - STREET","O","FIREARM",132,"CENTRAL","Bolton Hill",-76.62353,39.30489,"(39.3048900000, -76.6235300000)","STREET",1
"275","08/31/2017","05:00:00","6F","600 S PONCA ST","LARCENY","O","",242,"SOUTHEASTERN","Greektown",-76.5549,39.28552,"(39.2855200000, -76.5549000000)","OTHER - OU",1
"276","08/31/2017","04:40:00","3AF","1600 DRUID HILL AVE","ROBBERY - STREET","O","FIREARM",123,"CENTRAL","Upton",-76.63185,39.30462,"(39.3046200000, -76.6318500000)","STREET",1
"277","08/31/2017","04:15:00","3AK","6500 BROWN AVE","ROBBERY - STREET","O","KNIFE",243,"SOUTHEASTERN","Broening Manor",-76.53567,39.2737,"(39.2737000000, -76.5356700000)","OTHER - OU",1
"278","08/31/2017","03:30:00","3AK","0 N HIGHLAND AVE","ROBBERY - STREET","O","KNIFE",333,"EASTERN","Orangeville Industrial Ar",-76.56985,39.2994,"(39.2994000000, -76.5698500000)","STREET",1
"279","08/31/2017","03:10:00","4E","LAKEWOOD AV & E FAYETTE ST","COMMON ASSAULT","O","HANDS",222,"SOUTHEASTERN","McElderry Park",-76.5792,39.29453,"(39.2945300000, -76.5792000000)","STREET",1
"280","08/31/2017","03:10:00","6C","4400 BELAIR RD","LARCENY","","",442,"NORTHEASTERN","Belair-Edison",-76.56395,39.32931,"(39.3293100000, -76.5639500000)","",1
"281","08/31/2017","03:00:00","4E","5400 JONQUIL AVE","COMMON ASSAULT","","HANDS",633,"NORTHWESTERN","Arlington",-76.68566,39.34933,"(39.3493300000, -76.6856600000)","",1
"282","08/31/2017","03:00:00","5A","700 RAPPOLLA ST","BURGLARY","","",242,"SOUTHEASTERN","Greektown",-76.55287,39.28493,"(39.2849300000, -76.5528700000)","",1
"283","08/31/2017","03:00:00","5D","1300 N FREMONT AVE","BURGLARY","I","",743,"WESTERN","Sandtown-Winchester",-76.63769,39.30491,"(39.3049100000, -76.6376900000)","OTHER - IN",1
"284","08/31/2017","02:53:00","3AK","1500 COLE ST","ROBBERY - STREET","O","KNIFE",935,"SOUTHERN","New Southwest/Mount Clare",-76.64067,39.28227,"(39.2822700000, -76.6406700000)","STREET",1
"285","08/31/2017","02:30:00","4C","4900 EASTERN AV","AGG. ASSAULT","O","OTHER",242,"SOUTHEASTERN","Greektown",-76.55422,39.28706,"(39.2870600000, -76.5542200000)","STREET",1
"286","08/31/2017","02:25:00","6C","200 N GAY ST","LARCENY","I","",211,"EASTERN","Jonestown",-76.60812,39.29317,"(39.2931700000, -76.6081200000)","CONVENIENC",1
"287","08/31/2017","02:17:00","3JF","800 E JEFFREY ST","ROBBERY - RESIDENCE","I","FIREARM",913,"SOUTHERN","Brooklyn",-76.60038,39.23235,"(39.2323500000, -76.6003800000)","ROW/TOWNHO",1
"288","08/31/2017","02:17:00","3JF","800 E JEFFREY ST","ROBBERY - RESIDENCE","I","FIREARM",913,"SOUTHERN","Brooklyn",-76.60038,39.23235,"(39.2323500000, -76.6003800000)","ROW/TOWNHO",1
"289","08/31/2017","01:30:00","4C","1200 SHARONLEIGH RD","AGG. ASSAULT","","OTHER",832,"SOUTHWESTERN","Violetville",-76.6784,39.26554,"(39.2655400000, -76.6784000000)","",1
"290","08/31/2017","01:25:00","5D","1200 E BALTIMORE ST","BURGLARY","I","",211,"SOUTHEASTERN","Jonestown",-76.60061,39.29117,"(39.2911700000, -76.6006100000)","ROW/TOWNHO",1
"291","08/31/2017","01:10:00","5D","1100 N CALVERT ST","BURGLARY","I","",141,"CENTRAL","Mid-Town Belvedere",-76.61319,39.30265,"(39.3026500000, -76.6131900000)","CONVENIENC",1
"292","08/31/2017","00:52:00","3GF","3700 FLEET ST","ROBBERY - COMMERCIAL","I","FIREARM",233,"SOUTHEASTERN","Brewers Hill",-76.56604,39.28561,"(39.2856100000, -76.5660400000)","CONVENIENC",1
"293","08/31/2017","00:47:00","4E","4900 EASTERN AV","COMMON ASSAULT","O","HANDS",242,"SOUTHEASTERN","Greektown",-76.55422,39.28706,"(39.2870600000, -76.5542200000)","STREET",1
"294","08/31/2017","00:12:00","5A","2300 ROUND RD","BURGLARY","","",922,"SOUTHERN","Cherry Hill",-76.62643,39.25334,"(39.2533400000, -76.6264300000)","",1
"295","08/31/2017","00:09:00","5A","400 S PULASKI ST","BURGLARY","","",934,"SOUTHWESTERN","Carrollton Ridge",-76.64973,39.2827,"(39.2827000000, -76.6497300000)","",1
"296","08/31/2017","00:08:00","4E","4900 GOODNOW RD","COMMON ASSAULT","","HANDS",443,"NORTHEASTERN","Frankford",-76.54808,39.32649,"(39.3264900000, -76.5480800000)","",1
"297","08/31/2017","00:00:00","4F","3300 TIOGA PKWY","ASSAULT BY THREAT","I","",611,"NORTHWESTERN","Burleith-Leighton",-76.65745,39.31885,"(39.3188500000, -76.6574500000)","ROW/TOWNHO",1
"298","08/30/2017","23:16:00","3AF","400 NORTH BEND RD","ROBBERY - STREET","O","FIREARM",823,"SOUTHWESTERN","Westgate",-76.70771,39.28393,"(39.2839300000, -76.7077100000)","STREET",1
"299","08/30/2017","23:03:00","3AF","PL & E MT VERNON PL","ROBBERY - STREET","O","FIREARM",142,"CENTRAL","Mount Vernon",-76.61584,39.29771,"(39.2977100000, -76.6158400000)","STREET",1
"300","08/30/2017","23:00:00","6D","1900 W PRATT ST","LARCENY FROM AUTO","","",934,"SOUTHERN","Carrollton Ridge",-76.6477,39.28515,"(39.2851500000, -76.6477000000)","",1
"301","08/30/2017","23:00:00","6D","200 E 22ND ST","LARCENY FROM AUTO","O","",514,"NORTHERN","Barclay",-76.61316,39.3144,"(39.3144000000, -76.6131600000)","STREET",1
"302","08/30/2017","23:00:00","6D","4000 BARRINGTON RD","LARCENY FROM AUTO","O","",621,"NORTHWESTERN","Dorchester",-76.6851,39.33136,"(39.3313600000, -76.6851000000)","STREET",1
"303","08/30/2017","22:43:00","6G","700 S PRESIDENT ST","LARCENY","I","",211,"SOUTHEASTERN","Inner Harbor",-76.60131,39.28285,"(39.2828500000, -76.6013100000)","RESTAURANT",1
"304","01/19/2017","19:35:00","3AF","","ROBBERY - STREET","O","FIREARM",211,"SOUTHEASTERN","",NA,NA,"","STREET",1
"305","08/30/2017","22:41:00","4C","6100 PARKWAY DR","AGG. ASSAULT","I","OTHER",522,"NORTHERN","Lake Walker",-76.60133,39.36914,"(39.3691400000, -76.6013300000)","APT/CONDO",1
"306","08/30/2017","22:30:00","6D","","LARCENY FROM AUTO","O","",612,"NORTHWESTERN","",NA,NA,"","ALLEY",1
"307","08/30/2017","22:00:00","3AK","FAYETTE ST & N WASHINGTON ST","ROBBERY - STREET","O","KNIFE",212,"SOUTHEASTERN","CARE",-76.58931,39.29412,"(39.2941200000, -76.5893100000)","STREET",1
"308","08/30/2017","22:00:00","8H","2600 FLORA ST","ARSON","","",733,"WESTERN","Penn North",-76.64282,39.31416,"(39.3141600000, -76.6428200000)","",1
"309","08/30/2017","22:00:00","4E","3700 SEQUOIA AVE","COMMON ASSAULT","I","HANDS",642,"NORTHWESTERN","Callaway-Garrison",-76.67706,39.33129,"(39.3312900000, -76.6770600000)","ROW/TOWNHO",1
"310","08/30/2017","21:47:00","1F","100 S HIGHLAND AV","HOMICIDE","Outside","FIREARM",222,"SOUTHEASTERN","Patterson Park Neighborho",-76.56937,39.29125,"(39.2912500000, -76.5693700000)","Street",1
"311","08/30/2017","21:55:00","6C","2000 N HOWARD ST","LARCENY","O","",514,"NORTHERN","Charles North",-76.61943,39.31255,"(39.3125500000, -76.6194300000)","GAS STATIO",1
"312","08/30/2017","21:50:00","4E","700 DRUID PARK LAKE DR","COMMON ASSAULT","O","HANDS",133,"NORTHERN","Reservoir Hill",-76.63162,39.31665,"(39.3166500000, -76.6316200000)","STREET",1
"313","08/30/2017","21:46:00","5A","600 SPRINGFIELD AVE","BURGLARY","I","",542,"NORTHERN","Pen Lucy",-76.60763,39.34055,"(39.3405500000, -76.6076300000)","ROW/TOWNHO",1
"314","08/30/2017","21:45:00","5D","2200 VAN DEMAN ST","BURGLARY","","",243,"SOUTHEASTERN","Holabird Industrial Park",-76.53557,39.26533,"(39.2653300000, -76.5355700000)","",1
"315","08/30/2017","21:40:00","3AK","N GAY ST","ROBBERY - STREET","","KNIFE",312,"EASTERN","Penn-Fallsway",-76.60633,39.29459,"(39.2945900000, -76.6063300000)","",1
"316","08/30/2017","21:30:00","5D","RD & HAVENWOOD RD","BURGLARY","O","",413,"NORTHEASTERN","Original Northwood",-76.59743,39.34121,"(39.3412100000, -76.5974300000)","STREET",1
"317","08/30/2017","21:30:00","4C","1600 S CATON AVE","AGG. ASSAULT","O","OTHER",832,"SOUTHWESTERN","Violetville",-76.66503,39.26024,"(39.2602400000, -76.6650300000)","STREET",1
"318","08/30/2017","21:30:00","5D","400 N EAST AVE","BURGLARY","","",224,"SOUTHEASTERN","Ellwood Park/Monument",-76.57213,39.29651,"(39.2965100000, -76.5721300000)","",1
"319","08/30/2017","21:11:39","2A","BALTIMORE ST & S FREDERICK ST","RAPE","I","OTHER",111,"CENTRAL","Downtown",-76.60813,39.28982,"(39.2898200000, -76.6081300000)","ROW/TOWNHO",1
"320","08/30/2017","21:10:00","3AO","2600 MARBOURNE AVE","ROBBERY - STREET","O","OTHER",923,"SOUTHERN","Lakeland",-76.64513,39.25284,"(39.2528400000, -76.6451300000)","STREET",1
"321","08/30/2017","21:07:00","5F","4900 EASTERN AV","BURGLARY","I","",242,"SOUTHEASTERN","Greektown",-76.55422,39.28706,"(39.2870600000, -76.5542200000)","OTHER - IN",1
"322","08/30/2017","21:00:00","7A","0 N STREEPER ST","AUTO THEFT","","",222,"SOUTHEASTERN","Patterson Park Neighborho",-76.5769,39.29275,"(39.2927500000, -76.5769000000)","",1
"323","08/30/2017","20:35:00","9S","800 RESERVOIR ST","SHOOTING","Outside","FIREARM",133,"CENTRAL","Reservoir Hill",-76.63203,39.3127,"(39.3127000000, -76.6320300000)","Street",1
"324","08/30/2017","20:30:00","5D","5700 REISTERSTOWN RD","BURGLARY","I","",631,"NORTHWESTERN","Reisterstown Station",-76.69286,39.34948,"(39.3494800000, -76.6928600000)","OTHER - IN",1
"325","08/30/2017","20:30:00","6D","200 N MILTON AVE","LARCENY FROM AUTO","","",221,"SOUTHEASTERN","Patterson Place",-76.58209,39.29489,"(39.2948900000, -76.5820900000)","",1
"326","08/30/2017","20:27:00","4A","0 S GREENE ST","AGG. ASSAULT","O","FIREARM",121,"CENTRAL","University Of Maryland",-76.62367,39.28829,"(39.2882900000, -76.6236700000)","STREET",1
"327","08/30/2017","20:15:00","5A","0 N BELNORD AVE","BURGLARY","","",222,"SOUTHEASTERN","Patterson Park Neighborho",-76.57829,39.29261,"(39.2926100000, -76.5782900000)","",1
"328","08/30/2017","20:10:00","4E","OLIVER ST & HARFORD AV","COMMON ASSAULT","O","HANDS",343,"EASTERN","Oliver",-76.60072,39.30723,"(39.3072300000, -76.6007200000)","STREET",1
"329","08/30/2017","20:00:00","5D","200 E LEXINGTON ST","BURGLARY","I","",111,"CENTRAL","Downtown",-76.61237,39.29122,"(39.2912200000, -76.6123700000)","RESTAURANT",1
"330","08/30/2017","20:00:00","4F","400 FONTHILL AVE","ASSAULT BY THREAT","I","",832,"SOUTHWESTERN","Gwynns Falls",-76.66349,39.27871,"(39.2787100000, -76.6634900000)","POLICE DEP",1
"331","08/30/2017","20:00:00","5A","4900 BRIARCLIFT RD","BURGLARY","I","",823,"SOUTHWESTERN","West Hills",-76.70585,39.29425,"(39.2942500000, -76.7058500000)","ROW/TOWNHO",1
"332","08/30/2017","19:39:00","1F","500 RICHWOOD AV","HOMICIDE","Outside","FIREARM",524,"NORTHERN","Richnor Springs",-76.60955,39.34705,"(39.3470500000, -76.6095500000)","Street",1
"333","08/30/2017","19:39:00","1F","500 RICHWOOD AV","HOMICIDE","Outside","FIREARM",524,"NORTHERN","Richnor Springs",-76.60955,39.34705,"(39.3470500000, -76.6095500000)","Street",1
"334","08/30/2017","19:46:00","4E","800 ABBOTT CT","COMMON ASSAULT","I","HANDS",312,"EASTERN","Oldtown",-76.60579,39.30118,"(39.3011800000, -76.6057900000)","ROW/TOWNHO",1
"335","08/30/2017","19:45:00","6D","200 E CENTRE ST","LARCENY FROM AUTO","O","",142,"CENTRAL","Mount Vernon",-76.61206,39.29651,"(39.2965100000, -76.6120600000)","PARKING LO",1
"336","08/30/2017","19:40:00","4C","2700 LIGHTHOUSE PT E","AGG. ASSAULT","","OTHER",232,"SOUTHEASTERN","Canton",-76.5777,39.27871,"(39.2787100000, -76.5777000000)","",1
"337","08/30/2017","19:30:00","8H","3700 CLIFTMONT","ARSON","O","",432,"NORTHEASTERN","Belair-Edison",-76.56327,39.31965,"(39.3196500000, -76.5632700000)","STREET",1
"338","08/30/2017","19:30:00","6E","4200 ELDERON AVE","LARCENY","O","",621,"NORTHWESTERN","West Arlington",-76.68971,39.34179,"(39.3417900000, -76.6897100000)","STREET",1
"339","08/30/2017","19:11:00","4E","1800 BAKER ST","COMMON ASSAULT","","HANDS",742,"WESTERN","Sandtown-Winchester",-76.6475,39.30664,"(39.3066400000, -76.6475000000)","",1
"340","08/30/2017","19:00:00","6D","1200 SOUTHVIEW RD","LARCENY FROM AUTO","O","",413,"NORTHEASTERN","Original Northwood",-76.59696,39.34084,"(39.3408400000, -76.5969600000)","STREET",1
"341","08/30/2017","19:00:00","5A","4100 FLOWERTON RD","BURGLARY","","",844,"SOUTHWESTERN","Edmondson Village",-76.68475,39.29848,"(39.2984800000, -76.6847500000)","",1
"342","08/30/2017","18:45:00","3D","100 N WOLFE ST","ROBBERY - COMMERCIAL","","",212,"SOUTHEASTERN","Washington Hill",-76.59051,39.29286,"(39.2928600000, -76.5905100000)","",1
"343","08/30/2017","18:45:00","3B","200 HERRING CT","ROBBERY - STREET","","",211,"SOUTHEASTERN","Perkins Homes",-76.59508,39.28812,"(39.2881200000, -76.5950800000)","",1
"344","08/30/2017","18:23:00","4E","4600 BELAIR RD","COMMON ASSAULT","O","HANDS",426,"NORTHEASTERN","Waltherson",-76.56132,39.33136,"(39.3313600000, -76.5613200000)","STREET",1
"345","08/30/2017","18:22:00","6C","2400 N CHARLES ST","LARCENY","I","",514,"NORTHERN","Old Goucher",-76.61687,39.31645,"(39.3164500000, -76.6168700000)","GROCERY/CO",1
"346","08/30/2017","17:59:00","6E","3800 LEADENHALL ST","LARCENY","O","",913,"SOUTHERN","Brooklyn",-76.61358,39.23682,"(39.2368200000, -76.6135800000)","STREET",1
"347","08/30/2017","17:55:00","6D","1400 WELDON PL N","LARCENY FROM AUTO","O","",541,"NORTHERN","Medfield",-76.64188,39.33729,"(39.3372900000, -76.6418800000)","STREET",1
"348","08/30/2017","17:20:00","6G","1600 LORMAN CT","LARCENY","O","",743,"WESTERN","Sandtown-Winchester",-76.64396,39.30419,"(39.3041900000, -76.6439600000)","STREET",1
"349","08/30/2017","17:00:00","4E","4500 CRADDOCK AVE","COMMON ASSAULT","O","HANDS",524,"NORTHERN","Kenilworth Park",-76.60166,39.34538,"(39.3453800000, -76.6016600000)","STREET",1
"350","08/30/2017","16:40:00","7A","AV & ELDORADO AV","AUTO THEFT","O","",622,"NORTHWESTERN","Howard Park",-76.6905,39.33172,"(39.3317200000, -76.6905000000)","OTHER - OU",1
"351","08/30/2017","16:30:00","6E","2000 PORTUGAL ST","LARCENY","O","",212,"SOUTHEASTERN","Upper Fells Point",-76.58855,39.28624,"(39.2862400000, -76.5885500000)","STREET",1
"352","08/30/2017","16:28:00","6J","2500 STEELE RD","LARCENY","I","",632,"NORTHWESTERN","Cheswolde",-76.67717,39.36656,"(39.3665600000, -76.6771700000)","ROW/TOWNHO",1
"353","08/30/2017","16:17:00","6J","2400 TANEY RD","LARCENY","","",632,"NORTHWESTERN","Cheswolde",-76.67794,39.36802,"(39.3680200000, -76.6779400000)","",1
"354","08/30/2017","16:10:00","4C","2700 WEGWORTH LN","AGG. ASSAULT","O","OTHER",923,"SOUTHERN","Lakeland",-76.64233,39.25388,"(39.2538800000, -76.6423300000)","STREET",1
"355","08/30/2017","16:05:00","6C","2100 RAMSAY ST","LARCENY","I","",841,"SOUTHWESTERN","Carrollton Ridge",-76.65027,39.28299,"(39.2829900000, -76.6502700000)","OTHER - IN",1
"356","08/30/2017","16:00:00","6J","900 MCHENRY ST","LARCENY","I","",932,"SOUTHERN","Washington Village/Pigtow",-76.63209,39.28473,"(39.2847300000, -76.6320900000)","ROW/TOWNHO",1
"357","08/30/2017","15:40:00","4E","500 E BALTIMORE ST","COMMON ASSAULT","I","HANDS",111,"CENTRAL","Downtown",-76.60882,39.28981,"(39.2898100000, -76.6088200000)","POLICE DEP",1
"358","08/30/2017","15:40:00","4E","500 ISLAMIC WAY","COMMON ASSAULT","O","HANDS",123,"CENTRAL","Upton",-76.63295,39.30482,"(39.3048200000, -76.6329500000)","STREET",1
"359","08/30/2017","15:30:00","6C","2800 FOSTER AVE","LARCENY","I","",232,"SOUTHEASTERN","Canton",-76.57703,39.28416,"(39.2841600000, -76.5770300000)","DRUG STORE",1
"360","08/30/2017","15:30:00","7C","1000 HULL ST","AUTO THEFT","O","",943,"SOUTHERN","Locust Point Industrial A",-76.59066,39.27441,"(39.2744100000, -76.5906600000)","STREET",1
"361","08/30/2017","15:30:00","7C","1000 HULL ST","AUTO THEFT","O","",943,"SOUTHERN","Locust Point Industrial A",-76.59066,39.27441,"(39.2744100000, -76.5906600000)","STREET",1
"362","08/30/2017","15:26:00","8AV","4600 PARK HEIGHTS AVE","ARSON","I","",614,"NORTHWESTERN","Central Park Heights",-76.66994,39.34387,"(39.3438700000, -76.6699400000)","ROW/TOWNHO",1
"363","08/30/2017","15:25:00","6D","1300 MCCULLOH ST","LARCENY FROM AUTO","O","",132,"CENTRAL","Madison Park",-76.62792,39.30271,"(39.3027100000, -76.6279200000)","STREET",1
"364","08/30/2017","15:20:00","6J","2200 EUTAW PL","LARCENY","I","",133,"CENTRAL","Reservoir Hill",-76.63442,39.31084,"(39.3108400000, -76.6344200000)","ROW/TOWNHO",1
"365","08/30/2017","15:20:00","4F","3600 FALLS RD","ASSAULT BY THREAT","I","",531,"NORTHERN","Hampden",-76.63517,39.3316,"(39.3316000000, -76.6351700000)","OFFICE BUI",1
"366","08/30/2017","14:04:00","9S","1100 NANTICOKE ST","SHOOTING","Outside","FIREARM",932,"SOUTHERN","Washington Village/Pigtow",-76.63084,39.28088,"(39.2808800000, -76.6308400000)","Street",1
"367","08/30/2017","14:34:00","6C","3500 BOSTON ST","LARCENY","I","",233,"SOUTHEASTERN","Canton Industrial Area",-76.56732,39.27703,"(39.2770300000, -76.5673200000)","CLOTHING/S",1
"368","08/30/2017","14:30:00","4E","200 DOUGLAS CT","COMMON ASSAULT","I","HANDS",212,"SOUTHEASTERN","Dunbar-Broadway",-76.597,39.29368,"(39.2936800000, -76.5970000000)","ROW/TOWNHO",1
"369","08/30/2017","14:04:00","4A","2000 W BALTIMORE ST","AGG. ASSAULT","","FIREARM",714,"WESTERN","Penrose/Fayette Street Ou",-76.64888,39.2881,"(39.2881000000, -76.6488800000)","",1
"370","08/30/2017","14:00:00","5A","2000 E FAIRMOUNT AVE","BURGLARY","","",212,"SOUTHEASTERN","Butcher's Hill",-76.58905,39.2928,"(39.2928000000, -76.5890500000)","",1
"371","08/30/2017","13:57:00","1F","700 KEVIN RD","HOMICIDE","Outside","FIREARM",822,"SOUTHWESTERN","Rognel Heights",-76.68665,39.29619,"(39.2961900000, -76.6866500000)","Street",1
"372","08/30/2017","13:00:00","6D","700 MCCULLOH ST","LARCENY FROM AUTO","O","",143,"CENTRAL","Seton Hill",-76.62246,39.29803,"(39.2980300000, -76.6224600000)","STREET",1
"373","08/30/2017","13:00:00","4E","900 N CALHOUN ST","COMMON ASSAULT","O","HANDS",743,"WESTERN","Sandtown-Winchester",-76.64017,39.29905,"(39.2990500000, -76.6401700000)","STREET",1
"374","08/30/2017","12:30:00","4E","800 W 35TH ST","COMMON ASSAULT","I","HANDS",531,"NORTHERN","Hampden",-76.63029,39.32992,"(39.3299200000, -76.6302900000)","ROW/TOWNHO",1
"375","08/30/2017","12:30:00","3AJF","2200 W Cold Spring Ln","ROBBERY - CARJACKING","O","FIREARM",533,"NORTHERN","Coldspring",-76.6523,39.34362,"(39.3436200000, -76.6523000000)","STREET",1
"376","08/30/2017","12:28:00","4E","1100 WARD ST","COMMON ASSAULT","O","HANDS",932,"SOUTHERN","Washington Village/Pigtow",-76.63262,39.282,"(39.2820000000, -76.6326200000)","STREET",1
"377","08/30/2017","12:00:00","6J","4100 POTTER ST","LARCENY","I","",833,"SOUTHWESTERN","Irvington",-76.68385,39.27815,"(39.2781500000, -76.6838500000)","APT/CONDO",1
"378","08/30/2017","12:00:00","4C","2000 W PRATT ST","AGG. ASSAULT","I","OTHER",934,"SOUTHERN","Carrollton Ridge",-76.64905,39.28503,"(39.2850300000, -76.6490500000)","ROW/TOWNHO",1
"379","08/30/2017","11:35:00","4E","500 CUMBERLAND ST","COMMON ASSAULT","O","HANDS",131,"CENTRAL","Druid Heights",-76.64098,39.30974,"(39.3097400000, -76.6409800000)","STREET",1
"380","08/30/2017","10:45:00","4F","4300 WAKEFIELD RD","ASSAULT BY THREAT","","",641,"NORTHWESTERN","West Forest Park",-76.68969,39.3217,"(39.3217000000, -76.6896900000)","",1
"381","08/30/2017","10:00:00","5A","2100 W SARATOGA ST","BURGLARY","I","",714,"WESTERN","Penrose/Fayette Street Ou",-76.65085,39.29184,"(39.2918400000, -76.6508500000)","ROW/TOWNHO",1
"382","08/30/2017","10:00:00","5A","2900 MATHEWS ST","BURGLARY","","",513,"NORTHERN","Better Waverly",-76.60737,39.32348,"(39.3234800000, -76.6073700000)","",1
"383","08/30/2017","09:30:00","6D","1700 EUTAW PL","LARCENY FROM AUTO","O","",132,"CENTRAL","Madison Park",-76.63034,39.30716,"(39.3071600000, -76.6303400000)","STREET",1
"384","08/30/2017","09:28:00","4E","2100 PARKSLEY AVE","COMMON ASSAULT","I","HANDS",831,"SOUTHWESTERN","Morrell Park",-76.65028,39.26369,"(39.2636900000, -76.6502800000)","ROW/TOWNHO",1
"385","08/30/2017","09:10:00","6J","HIGHLAND AV & E BALTIMORE ST","LARCENY","O","",222,"SOUTHEASTERN","Baltimore Highlands",-76.56941,39.29248,"(39.2924800000, -76.5694100000)","BUS/AUTO",1
"386","08/30/2017","09:00:00","4E","4300 ROBERTON AVE","COMMON ASSAULT","I","HANDS",442,"NORTHEASTERN","Parkside",-76.55577,39.32494,"(39.3249400000, -76.5557700000)","ROW/TOWNHO",1
"387","08/30/2017","09:00:00","6D","400 WINSTON AVE","LARCENY FROM AUTO","O","",521,"NORTHERN","Radnor-Winston",-76.61187,39.34998,"(39.3499800000, -76.6118700000)","PARKING LO",1
"388","08/30/2017","09:00:00","6D","100 N WOLFE ST","LARCENY FROM AUTO","","",212,"SOUTHEASTERN","Washington Hill",-76.59058,39.29286,"(39.2928600000, -76.5905800000)","",1
"389","08/30/2017","08:45:00","6E","2300 EVERGREEN ST","LARCENY","O","",731,"WESTERN","Panway/Braddish Avenue",-76.66052,39.31363,"(39.3136300000, -76.6605200000)","PARKING LO",1
"390","08/30/2017","08:30:00","5A","3800 HILLSDALE RD","BURGLARY","I","",622,"NORTHWESTERN","Howard Park",-76.69211,39.33523,"(39.3352300000, -76.6921100000)","ROW/TOWNHO",1
"391","08/30/2017","08:25:00","4E","3400 WILKENS AVE","COMMON ASSAULT","I","HANDS",832,"SOUTHWESTERN","Violetville",-76.67503,39.27259,"(39.2725900000, -76.6750300000)","OFFICE BUI",1
"392","08/30/2017","08:10:00","6E","800 W PATAPSCO AVE","LARCENY","","",922,"SOUTHERN","Cherry Hill",-76.6314,39.2436,"(39.2436000000, -76.6314000000)","",1
"393","08/30/2017","08:00:00","5A","5200 ANTHONY AVE","BURGLARY","I","",443,"NORTHEASTERN","Frankford",-76.54971,39.33447,"(39.3344700000, -76.5497100000)","ROW/TOWNHO",1
"394","08/30/2017","07:30:00","7A","0 N CHARLES ST","AUTO THEFT","","",111,"CENTRAL","Downtown",-76.61518,39.28959,"(39.2895900000, -76.6151800000)","",1
"395","08/30/2017","07:00:00","5C","3200 AVON AVE","BURGLARY","I","",513,"NORTHERN","Better Waverly",-76.60463,39.32736,"(39.3273600000, -76.6046300000)","ROW/TOWNHO",1
"396","08/30/2017","06:30:00","5A","900 S CLINTON ST","BURGLARY","I","",232,"SOUTHEASTERN","Canton",-76.5697,39.28186,"(39.2818600000, -76.5697000000)","ROW/TOWNHO",1
"397","08/30/2017","06:30:00","5A","300 E JEFFREY ST","BURGLARY","","",913,"SOUTHERN","Brooklyn",-76.60828,39.23453,"(39.2345300000, -76.6082800000)","",1
"398","08/30/2017","05:51:00","4B","3600 PARK HEIGHTS AVE","AGG. ASSAULT","","KNIFE",612,"NORTHWESTERN","Park Circle",-76.65932,39.33017,"(39.3301700000, -76.6593200000)","",1
"399","08/30/2017","05:25:00","5B","1200 WINDEMERE AVE","BURGLARY","I","",412,"NORTHEASTERN","Ednor Gardens-Lakeside",-76.59902,39.33014,"(39.3301400000, -76.5990200000)","ROW/TOWNHO",1
"400","08/30/2017","03:23:00","3GO","1100 W 41ST ST","ROBBERY - COMMERCIAL","I","OTHER",531,"NORTHERN","Hampden",-76.63648,39.33786,"(39.3378600000, -76.6364800000)","OTHER - IN",1
"401","08/30/2017","03:02:00","3AF","NORTH AV & BELAIR RD","ROBBERY - STREET","O","FIREARM",332,"EASTERN","Broadway East",-76.58404,39.3126,"(39.3126000000, -76.5840400000)","STREET",1
"402","08/30/2017","02:30:00","6D","300 FALLSWAY","LARCENY FROM AUTO","","",211,"CENTRAL","Jonestown",-76.60785,39.29247,"(39.2924700000, -76.6078500000)","",1
"403","08/30/2017","02:06:00","6B","1000 HERNDON CT","LARCENY","I","",913,"SOUTHERN","Brooklyn",-76.59802,39.22752,"(39.2275200000, -76.5980200000)","ROW/TOWNHO",1
"404","08/30/2017","02:03:00","4E","1700 EDMONDSON AVE","COMMON ASSAULT","","HANDS",713,"WESTERN","Harlem Park",-76.64437,39.29528,"(39.2952800000, -76.6443700000)","",1
"405","08/30/2017","02:00:00","5C","400 EVESHAM AVE","BURGLARY","I","",522,"NORTHERN","Lake Evesham",-76.61109,39.36535,"(39.3653500000, -76.6110900000)","ROW/TOWNHO",1
"406","08/30/2017","02:00:00","7A","3000 FRISBY ST","AUTO THEFT","O","",513,"NORTHERN","Better Waverly",-76.60793,39.32462,"(39.3246200000, -76.6079300000)","STREET",1
"407","08/30/2017","01:00:00","4C","1800 N CALVERT ST","AGG. ASSAULT","I","OTHER",141,"CENTRAL","Greenmount West",-76.61375,39.31018,"(39.3101800000, -76.6137500000)","APT/CONDO",1
"408","08/30/2017","01:00:00","6D","1200 E 35TH ST","LARCENY FROM AUTO","O","",412,"NORTHEASTERN","Ednor Gardens-Lakeside",-76.59903,39.33091,"(39.3309100000, -76.5990300000)","STREET",1
"409","08/30/2017","00:34:00","6D","3300 ORLANDO AVE","LARCENY FROM AUTO","O","",424,"NORTHEASTERN","North Harford Road",-76.54047,39.36397,"(39.3639700000, -76.5404700000)","STREET",1
"410","08/30/2017","00:20:00","7A","3100 E FAYETTE ST","AUTO THEFT","I","",224,"SOUTHEASTERN","Ellwood Park/Monument",-76.57284,39.29479,"(39.2947900000, -76.5728400000)","GARAGE ON",1
"411","08/30/2017","00:18:00","4C","800 W Fayette St","AGG. ASSAULT","I","OTHER",712,"WESTERN","Poppleton",-76.63152,39.29001,"(39.2900100000, -76.6315200000)","ROW/TOWNHO",1
"412","08/30/2017","00:03:00","3AF","500 LONEYS LN","ROBBERY - STREET","","FIREARM",224,"SOUTHEASTERN","Ellwood Park/Monument",-76.57262,39.2972,"(39.2972000000, -76.5726200000)","",1
"413","08/30/2017","00:00:00","4E","500 N STREEPER ST","COMMON ASSAULT","I","HANDS",221,"SOUTHEASTERN","McElderry Park",-76.57722,39.29748,"(39.2974800000, -76.5772200000)","ROW/TOWNHO",1
"414","08/30/2017","00:00:00","7A","5400 PARK HEIGHTS AVE","AUTO THEFT","","",633,"NORTHWESTERN","Arlington",-76.68278,39.35135,"(39.3513500000, -76.6827800000)","",1
"415","08/30/2017","00:00:00","6C","4000 EASTERN AVE","LARCENY","","",231,"SOUTHEASTERN","Highlandtown",-76.56308,39.28681,"(39.2868100000, -76.5630800000)","",1
"416","08/29/2017","23:45:00","6D","3500 E NORTHERN PKWY","LARCENY FROM AUTO","O","",425,"NORTHEASTERN","Rosemont East",-76.54108,39.35931,"(39.3593100000, -76.5410800000)","PARKING LO",1
"417","08/29/2017","23:30:00","7A","1300 PENTWOOD RD","AUTO THEFT","O","",413,"NORTHEASTERN","New Northwood",-76.59531,39.34837,"(39.3483700000, -76.5953100000)","STREET",1
"418","08/29/2017","23:20:00","3B","4300 PIMLICO RD","ROBBERY - STREET","O","",614,"NORTHWESTERN","Central Park Heights",-76.66403,39.33902,"(39.3390200000, -76.6640300000)","PARKING LO",1
"419","08/29/2017","23:10:00","4E","400 N SMALLWOOD ST","COMMON ASSAULT","O","HANDS",722,"WESTERN","Midtown-Edmondson",-76.65178,39.29289,"(39.2928900000, -76.6517800000)","STREET",1
"420","08/29/2017","23:02:00","3JF","3700 SAINT VICTOR ST","ROBBERY - RESIDENCE","I","FIREARM",913,"SOUTHERN","Brooklyn",-76.59715,39.23336,"(39.2333600000, -76.5971500000)","ROW/TOWNHO",1
"421","08/29/2017","23:02:00","3JF","3700 SAINT VICTOR ST","ROBBERY - RESIDENCE","I","FIREARM",913,"SOUTHERN","Brooklyn",-76.59715,39.23336,"(39.2333600000, -76.5971500000)","ROW/TOWNHO",1
"422","08/29/2017","23:02:00","3JF","3700 SAINT VICTOR ST","ROBBERY - RESIDENCE","I","FIREARM",913,"SOUTHERN","Brooklyn",-76.59715,39.23336,"(39.2333600000, -76.5971500000)","ROW/TOWNHO",1
"423","08/29/2017","23:00:00","6D","500 E LAKE AVE","LARCENY FROM AUTO","O","",522,"NORTHERN","Evesham Park",-76.60964,39.36691,"(39.3669100000, -76.6096400000)","STREET",1
"424","08/29/2017","23:00:00","6J","400 N KENWOOD AVE","LARCENY","I","",221,"SOUTHEASTERN","McElderry Park",-76.57783,39.2961,"(39.2961000000, -76.5778300000)","ROW/TOWNHO",1
"425","08/29/2017","23:00:00","4E","900 DESOTO RD","COMMON ASSAULT","I","HANDS",832,"SOUTHWESTERN","Wilhelm Park",-76.66799,39.27466,"(39.2746600000, -76.6679900000)","APT/CONDO",1
"426","08/29/2017","23:00:00","6D","2100 E FAYETTE ST","LARCENY FROM AUTO","O","",321,"EASTERN","CARE",-76.58676,39.29424,"(39.2942400000, -76.5867600000)","PARKING LO",1
"427","08/29/2017","22:30:00","6D","2900 FALLSTAFF RD","LARCENY FROM AUTO","O","",632,"NORTHWESTERN","Cheswolde",-76.68698,39.37024,"(39.3702400000, -76.6869800000)","PARKING LO",1
"428","08/29/2017","22:25:00","3AF","1700 SAINT PAUL ST","ROBBERY - STREET","","FIREARM",141,"CENTRAL","Charles North",-76.61477,39.30899,"(39.3089900000, -76.6147700000)","",1
"429","08/29/2017","22:20:00","5D","4300 BERGER AVE","BURGLARY","I","",444,"NORTHEASTERN","Frankford",-76.54615,39.33886,"(39.3388600000, -76.5461500000)","ROW/TOWNHO",1
"430","08/29/2017","22:00:00","7A","6700 REISTERSTOWN RD","AUTO THEFT","O","",631,"NORTHWESTERN","Reisterstown Station",-76.70652,39.35921,"(39.3592100000, -76.7065200000)","PARKING LO",1
"431","08/29/2017","22:00:00","7A","800 WICKLOW RD","AUTO THEFT","O","",822,"SOUTHWESTERN","Rognel Heights",-76.68788,39.29591,"(39.2959100000, -76.6878800000)","STREET",1
"432","08/29/2017","21:17:00","7A","2400 E MONUMENT ST","AUTO THEFT","O","",323,"EASTERN","Milton-Montford",-76.58311,39.29884,"(39.2988400000, -76.5831100000)","STREET",1
"433","08/29/2017","21:10:00","5B","1500 MCCULLOH ST","BURGLARY","","",123,"CENTRAL","Upton",-76.63009,39.30437,"(39.3043700000, -76.6300900000)","",1
"434","08/29/2017","21:00:00","6D","900 NORTH HILL RD","LARCENY FROM AUTO","I","",412,"NORTHEASTERN","Ednor Gardens-Lakeside",-76.60084,39.33793,"(39.3379300000, -76.6008400000)","ROW/TOWNHO",1
"435","08/29/2017","21:00:00","5D","2100 DRUID HILL AVE","BURGLARY","I","",131,"CENTRAL","Druid Heights",-76.63652,39.30839,"(39.3083900000, -76.6365200000)","GROCERY/CO",1
"436","08/29/2017","21:00:00","6E","3000 SPAULDING AVE","LARCENY","O","",614,"NORTHWESTERN","Central Park Heights",-76.67314,39.3493,"(39.3493000000, -76.6731400000)","PARKING LO",1
"437","08/29/2017","21:00:00","6D","400 NICOLL AVE","LARCENY FROM AUTO","O","",522,"NORTHERN","Lake Evesham",-76.61038,39.36588,"(39.3658800000, -76.6103800000)","STREET",1
"438","08/29/2017","21:00:00","4A","ST & N BRADFORD ST","AGG. ASSAULT","I","FIREARM",221,"SOUTHEASTERN","McElderry Park",-76.58428,39.29664,"(39.2966400000, -76.5842800000)","HOSP/NURS.",1
"439","08/29/2017","20:30:00","9S","5900 GLENFALLS AV","SHOOTING","Outside","FIREARM",425,"NORTHEASTERN","Glenham-Belhar",-76.54233,39.34625,"(39.3462500000, -76.5423300000)","Street",1
"440","08/29/2017","20:30:00","9S","5900 GLENFALLS AV","SHOOTING","Outside","FIREARM",425,"NORTHEASTERN","Glenham-Belhar",-76.54233,39.34625,"(39.3462500000, -76.5423300000)","Street",1
"441","08/29/2017","20:50:00","4F","2400 CYLBURN AVE","ASSAULT BY THREAT","O","",532,"NORTHERN","Levindale",-76.65976,39.35104,"(39.3510400000, -76.6597600000)","PARKING LO",1
"442","08/29/2017","20:30:00","5D","800 W 36TH ST","BURGLARY","I","",531,"NORTHERN","Hampden",-76.631,39.3312,"(39.3312000000, -76.6310000000)","OTHER - IN",1
"443","08/29/2017","20:30:00","4A","5900 GLENFALLS AVE","AGG. ASSAULT","O","FIREARM",425,"NORTHEASTERN","Glenham-Belhar",-76.54233,39.34625,"(39.3462500000, -76.5423300000)","STREET",1
"444","08/29/2017","20:30:00","4A","5900 GLENFALLS AVE","AGG. ASSAULT","O","FIREARM",425,"NORTHEASTERN","Glenham-Belhar",-76.54233,39.34625,"(39.3462500000, -76.5423300000)","STREET",1
"445","08/29/2017","20:27:00","6J","2000 E FAYETTE ST","LARCENY","O","",212,"EASTERN","Butcher's Hill",-76.5882,39.29413,"(39.2941300000, -76.5882000000)","PARKING LO",1
"446","08/29/2017","20:09:00","3CF","3400 GREENMOUNT AVE","ROBBERY - COMMERCIAL","I","FIREARM",512,"NORTHERN","Oakenshawe",-76.60948,39.32991,"(39.3299100000, -76.6094800000)","RESTAURANT",1
"447","08/29/2017","20:00:00","7A","700 ROUNDVIEW RD","AUTO THEFT","O","",922,"SOUTHERN","Cherry Hill",-76.6209,39.2478,"(39.2478000000, -76.6209000000)","STREET",1
"448","08/29/2017","19:30:00","6C","3700 BOSTON ST","LARCENY","","",233,"SOUTHEASTERN","Canton Industrial Area",-76.56538,39.2771,"(39.2771000000, -76.5653800000)","",1
"449","08/29/2017","19:30:00","6D","200 W MONUMENT ST","LARCENY FROM AUTO","O","",142,"CENTRAL","Mount Vernon",-76.6185,39.29745,"(39.2974500000, -76.6185000000)","STREET",1
"450","08/29/2017","19:30:00","7A","3600 ELM AVE","AUTO THEFT","O","",531,"NORTHERN","Hampden",-76.63125,39.33202,"(39.3320200000, -76.6312500000)","STREET",1
"451","08/29/2017","19:18:00","3AO","900 BEVAN ST","ROBBERY - STREET","O","OTHER",941,"SOUTHERN","Sharp-Leadenhall",-76.61636,39.27837,"(39.2783700000, -76.6163600000)","STREET",1
"452","08/29/2017","19:15:00","5D","1300 S CLINTON ST","BURGLARY","","",232,"SOUTHEASTERN","Canton",-76.56937,39.27776,"(39.2777600000, -76.5693700000)","",1
"453","08/29/2017","19:00:00","6D","2500 W PATAPSCO AVE","LARCENY FROM AUTO","O","",923,"SOUTHERN","Lakeland",-76.65138,39.25253,"(39.2525300000, -76.6513800000)","PARKING LO",1
"454","08/29/2017","19:00:00","6J","400 E BALTIMORE ST","LARCENY","O","",111,"CENTRAL","Downtown",-76.60985,39.28977,"(39.2897700000, -76.6098500000)","ALLEY",1
"455","08/29/2017","18:39:00","3AF","RD & BELWOOD AV","ROBBERY - STREET","O","FIREARM",426,"NORTHEASTERN","Frankford",-76.55389,39.33658,"(39.3365800000, -76.5538900000)","STREET",1
"456","08/29/2017","18:39:00","3AF","RD & BELWOOD AV","ROBBERY - STREET","O","FIREARM",426,"NORTHEASTERN","Frankford",-76.55389,39.33658,"(39.3365800000, -76.5538900000)","STREET",1
"457","08/29/2017","18:39:00","3AF","RD & BELWOOD AV","ROBBERY - STREET","O","FIREARM",426,"NORTHEASTERN","Frankford",-76.55389,39.33658,"(39.3365800000, -76.5538900000)","STREET",1
"458","08/29/2017","11:15:00","4E","1500 DIVISION ST","COMMON ASSAULT","I","HANDS",123,"CENTRAL","Upton",-76.63171,39.30291,"(39.3029100000, -76.6317100000)","OTHER - IN",1
"459","08/29/2017","18:26:00","3AJF","5700 EASTERN AVE","ROBBERY - CARJACKING","","FIREARM",241,"SOUTHEASTERN","Hopkins Bayview",-76.54757,39.28745,"(39.2874500000, -76.5475700000)","",1
"460","08/29/2017","18:26:00","3AJF","5700 EASTERN AVE","ROBBERY - CARJACKING","","FIREARM",241,"SOUTHEASTERN","Hopkins Bayview",-76.54757,39.28745,"(39.2874500000, -76.5475700000)","",1
"461","08/29/2017","18:20:00","3AF","4600 MANNASOTA AVE","ROBBERY - STREET","O","FIREARM",443,"NORTHEASTERN","Frankford",-76.5582,39.33039,"(39.3303900000, -76.5582000000)","STREET",1
"462","08/29/2017","18:20:00","3AF","4600 MANNASOTA AVE","ROBBERY - STREET","O","FIREARM",443,"NORTHEASTERN","Frankford",-76.5582,39.33039,"(39.3303900000, -76.5582000000)","STREET",1
"463","08/29/2017","18:00:00","6D","3400 ORLANDO AVE","LARCENY FROM AUTO","O","",424,"NORTHEASTERN","North Harford Road",-76.53925,39.36354,"(39.3635400000, -76.5392500000)","STREET",1
"464","08/29/2017","18:00:00","6D","900 NORTH HILL RD","LARCENY FROM AUTO","O","",412,"NORTHEASTERN","Ednor Gardens-Lakeside",-76.60093,39.3377,"(39.3377000000, -76.6009300000)","PARKING LO",1
"465","08/29/2017","18:00:00","6D","AV & W PRESTON ST","LARCENY FROM AUTO","","",141,"CENTRAL","Mid-Town Belvedere",-76.61748,39.30444,"(39.3044400000, -76.6174800000)","",1
"466","08/29/2017","17:44:00","4B","300 S PARRISH ST","AGG. ASSAULT","I","KNIFE",935,"SOUTHERN","New Southwest/Mount Clare",-76.64145,39.28406,"(39.2840600000, -76.6414500000)","ROW/TOWNHO",1
"467","08/29/2017","17:30:00","6E","100 N CALVERTON RD","LARCENY","O","",842,"SOUTHWESTERN","Shipley Hill",-76.65617,39.28929,"(39.2892900000, -76.6561700000)","STREET",1
"468","08/29/2017","17:00:00","6D","800 S BOULDIN ST","LARCENY FROM AUTO","O","",232,"SOUTHEASTERN","Canton",-76.57049,39.28302,"(39.2830200000, -76.5704900000)","STREET",1
"469","08/29/2017","17:00:00","4B","100 S BROADWAY","AGG. ASSAULT","O","KNIFE",212,"SOUTHEASTERN","Washington Hill",-76.5939,39.2902,"(39.2902000000, -76.5939000000)","STREET",1
"470","08/29/2017","16:50:00","7A","RD & HAYWARD AV","AUTO THEFT","","",623,"NORTHWESTERN","Woodmere",-76.68638,39.34497,"(39.3449700000, -76.6863800000)","",1
"471","08/29/2017","16:43:00","4E","1800 ORLEANS ST","COMMON ASSAULT","I","HANDS",321,"EASTERN","Dunbar-Broadway",-76.59129,39.29529,"(39.2952900000, -76.5912900000)","APT/CONDO",1
"472","08/29/2017","16:30:00","6G","400 N CALVERT ST","LARCENY","I","",111,"CENTRAL","Downtown",-76.6127,39.29446,"(39.2944600000, -76.6127000000)","OTHER - IN",1
"473","08/29/2017","16:30:00","4E","6500 ARMSTRONG AVE","COMMON ASSAULT","","HANDS",631,"NORTHWESTERN","Reisterstown Station",-76.70845,39.35204,"(39.3520400000, -76.7084500000)","",1
"474","08/29/2017","16:25:00","3B","5300 LOCH RAVEN BLVD","ROBBERY - STREET","O","",413,"NORTHEASTERN","New Northwood",-76.58994,39.35431,"(39.3543100000, -76.5899400000)","OTHER - OU",1
"475","08/29/2017","15:58:00","4E","2700 MATHEWS ST","COMMON ASSAULT","I","HANDS",513,"NORTHERN","Better Waverly",-76.60782,39.32154,"(39.3215400000, -76.6078200000)","ROW/TOWNHO",1
"476","08/29/2017","15:00:00","6D","5100 HUDSON ST","LARCENY FROM AUTO","O","",242,"SOUTHEASTERN","Greektown",-76.55218,39.28316,"(39.2831600000, -76.5521800000)","STREET",1
"477","08/29/2017","15:00:00","6E","AV & VIOLET AV","LARCENY","O","",612,"NORTHWESTERN","Park Circle",-76.65846,39.33127,"(39.3312700000, -76.6584600000)","STREET",1
"478","08/29/2017","15:00:00","4E","800 LINDEN AVE","COMMON ASSAULT","","HANDS",142,"CENTRAL","Mount Vernon",-76.62075,39.2993,"(39.2993000000, -76.6207500000)","",1
"479","08/29/2017","15:00:00","6D","4100 SPRINGDALE AVE","LARCENY FROM AUTO","O","",621,"NORTHWESTERN","Central Forest Park",-76.68924,39.3267,"(39.3267000000, -76.6892400000)","STREET",1
"480","08/29/2017","14:35:00","4E","1700 MONTPELIER ST","COMMON ASSAULT","I","HANDS",411,"NORTHEASTERN","Coldstream Homestead Mont",-76.59452,39.3194,"(39.3194000000, -76.5945200000)","ROW/TOWNHO",1
"481","08/29/2017","12:40:00","4E","2700 BERYL AVE","COMMON ASSAULT","I","HANDS",323,"EASTERN","Biddle Street",-76.57915,39.30311,"(39.3031100000, -76.5791500000)","ROW/TOWNHO",1
"482","08/29/2017","12:30:00","4E","500 N BELNORD AVE","COMMON ASSAULT","O","HANDS",221,"SOUTHEASTERN","McElderry Park",-76.57862,39.29734,"(39.2973400000, -76.5786200000)","STREET",1
"483","08/29/2017","12:30:00","4E","4800 BAYONNE AVE","COMMON ASSAULT","I","HANDS",444,"NORTHEASTERN","Frankford",-76.53421,39.34091,"(39.3409100000, -76.5342100000)","ROW/TOWNHO",1
"484","08/29/2017","12:25:00","4E","AV & S CATHERINE ST","COMMON ASSAULT","O","HANDS",841,"SOUTHWESTERN","Carrollton Ridge",-76.65354,39.27981,"(39.2798100000, -76.6535400000)","YARD/BUSIN",1
"485","08/29/2017","12:25:00","4E","AV & S CATHERINE ST","COMMON ASSAULT","O","HANDS",841,"SOUTHWESTERN","Carrollton Ridge",-76.65354,39.27981,"(39.2798100000, -76.6535400000)","YARD/BUSIN",1
"486","08/29/2017","12:00:00","6J","5300 LYNVIEW AVE","LARCENY","O","",623,"NORTHWESTERN","Woodmere",-76.68938,39.3445,"(39.3445000000, -76.6893800000)","YARD",1
"487","08/29/2017","11:35:00","3AF","FRANKLIN ST & N WARWICK AV","ROBBERY - STREET","O","FIREARM",842,"WESTERN","Penrose/Fayette Street Ou",-76.65662,39.29332,"(39.2933200000, -76.6566200000)","PARKING LO",1
"488","08/29/2017","11:27:00","4E","0 E FRANKLIN ST","COMMON ASSAULT","I","HANDS",142,"CENTRAL","Mount Vernon",-76.61481,39.29516,"(39.2951600000, -76.6148100000)","OTHER - IN",1
"489","08/29/2017","11:07:00","5A","600 MCCABE AVE","BURGLARY","I","",524,"NORTHERN","Woodbourne-McCabe",-76.60774,39.35261,"(39.3526100000, -76.6077400000)","ROW/TOWNHO",1
"490","08/29/2017","10:50:00","4E","1300 ELRINO WAY","COMMON ASSAULT","I","HANDS",243,"SOUTHEASTERN","O'Donnell Heights",-76.54166,39.27872,"(39.2787200000, -76.5416600000)","ROW/TOWNHO",1
"491","08/29/2017","10:34:00","5B","4300 WENDOVER RD","BURGLARY","I","",542,"NORTHERN","Guilford",-76.61057,39.34196,"(39.3419600000, -76.6105700000)","ROW/TOWNHO",1
"492","08/29/2017","10:10:00","7A","500 N PATTERSON PARK AVE","AUTO THEFT","O","",221,"EASTERN","McElderry Park",-76.58498,39.29704,"(39.2970400000, -76.5849800000)","STREET",1
"493","08/29/2017","10:00:00","6D","1400 E FAIRMOUNT AVE","LARCENY FROM AUTO","O","",212,"SOUTHEASTERN","Washington Hill",-76.59773,39.29211,"(39.2921100000, -76.5977300000)","STREET",1
"494","08/29/2017","10:00:00","6D","600 BRIDGEVIEW RD","LARCENY FROM AUTO","O","",922,"SOUTHERN","Cherry Hill",-76.62191,39.24951,"(39.2495100000, -76.6219100000)","STREET",1
"495","08/29/2017","10:00:00","5A","5300 KENILWORTH AVE","BURGLARY","I","",524,"NORTHERN","Kenilworth Park",-76.59976,39.35292,"(39.3529200000, -76.5997600000)","ROW/TOWNHO",1
"496","08/29/2017","09:35:00","6C","900 N CHARLES ST","LARCENY","","",142,"CENTRAL","Mount Vernon",-76.61589,39.30063,"(39.3006300000, -76.6158900000)","",1
"497","08/29/2017","09:30:00","4E","3700 9TH ST","COMMON ASSAULT","I","HANDS",913,"SOUTHERN","Brooklyn",-76.59861,39.23327,"(39.2332700000, -76.5986100000)","ROW/TOWNHO",1
"498","08/29/2017","09:10:00","4E","800 HILLMAN CT","COMMON ASSAULT","I","HANDS",312,"EASTERN","Oldtown",-76.60551,39.29969,"(39.2996900000, -76.6055100000)","ROW/TOWNHO",1
"499","08/29/2017","09:00:00","4E","400 ROUNDVIEW RD","COMMON ASSAULT","I","HANDS",922,"SOUTHERN","Cherry Hill",-76.62049,39.25048,"(39.2504800000, -76.6204900000)","ROW/TOWNHO",1
"500","08/29/2017","08:30:00","5A","5600 BELLE VISTA AVE","BURGLARY","","",425,"NORTHEASTERN","Glenham-Belhar",-76.54853,39.34474,"(39.3447400000, -76.5485300000)","",1
